{
  "nash_equilibria": [
    {
      "adversary_strategy": [
        0.0,
        1.0,
        0.0
      ],
      "server_strategy": [
        1.0,
        0.0,
        0.0
      ],
      "adversary_utility": 0.5814444444444444,
      "server_utility": 0.44789500000000004,
      "value_of_information": 0.0
    }
  ],
  "stackelberg": {
    "server_strategy": [
      1.0,
      -0.0,
      0.0
    ],
    "adversary_strategy": [
      0.0,
      1.0,
      0.0
    ],
    "server_utility": 0.44789500000000004,
    "adversary_utility": 0.5814444444444444
  },
  "fictitious_play": {
    "adversary_strategy": [
      2e-05,
      0.99998,
      0.0
    ],
    "server_strategy": [
      1.0,
      0.0,
      0.0
    ],
    "convergence": [
      0.5756875687568757,
      0.5785516860143726,
      0.5795127353266888,
      0.5799944582986977,
      0.5802838766910623,
      0.5804769828064337,
      0.5806149944523696,
      0.5807185462616175,
      0.5807991120976692,
      0.5808635808635809,
      0.5809163386820062,
      0.5809603108520677,
      0.5809975232726962,
      0.5810294234277104,
      0.5810570730624028,
      0.5810812686515372,
      0.5811026193742244,
      0.5811215991116047,
      0.5811385820328482,
      0.5811538675106891,
      0.5811676979216246,
      0.58118027159372,
      0.5811917523781931,
      0.581202276829099,
      0.5812119596605801,
      0.5812208979452347,
      0.5812291743798592,
      0.5812368598516403,
      0.5812440154735914,
      0.5812506942130401,
      0.5812569422050234,
      0.5812627998195009,
      0.5812683025345854,
      0.5812734816557221,
      0.5812783649116126,
      0.581282976950847,
      0.5812873397580234,
      0.5812914730041802,
      0.5812953943433308,
      0.5812991196645283,
      0.5813026633070525,
      0.5813060382448623,
      0.5813092562453176,
      0.5813123280062612,
      0.5813152632748279,
      0.5813180709507595,
      0.5813207591765345,
      0.5813233354162327,
      0.5813258065247455,
      0.5813281788086827,
      0.581330458080115,
      0.5813326497041167,
      0.5813347586409273,
      0.5813367894834289,
      0.5813387464905371,
      0.5813406336170128,
      0.5813424545401391,
      0.5813442126836369,
      0.5813459112391497,
      0.5813475531855802,
      0.5813491413065253,
      0.581350678206024,
      0.5813521663228058,
      0.5813536079432033,
      0.5813550052128732,
      0.5813563601474524,
      0.581357674642259,
      0.5813589504811384,
      0.5813601893445394,
      0.5813613928168991,
      0.5813625623934031,
      0.5813636994861825,
      0.581364805430002,
      0.5813658814874867,
      0.5813669288539306,
      0.5813679486617258,
      0.5813689419844464,
      0.5813699098406188,
      0.5813708531972043,
      0.5813717729728228,
      0.5813726700407357,
      0.5813735452316113,
      0.5813743993360907,
      0.5813752331071698,
      0.5813760472624135,
      0.5813768424860158,
      0.5813776194307168,
      0.58137837871959,
      0.5813791209477087,
      0.5813798466837018,
      0.5813805564712058,
      0.5813812508302237,
      0.5813819302583951,
      0.5813825952321857,
      0.5813832462080014,
      0.5813838836232337,
      0.5813845078972385,
      0.5813851194322575,
      0.5813857186142813,
      0.5813863058138631,
      0.5813868813868813,
      0.5813874456752606,
      0.5813879990076476,
      0.5813885417000502,
      0.581389074056439,
      0.5813895963693153,
      0.5813901089202463,
      0.5813906119803722,
      0.5813911058108838,
      0.581391590663475,
      0.5813920667807705,
      0.5813925343967304,
      0.5813929937370341,
      0.5813934450194427,
      0.5813938884541441,
      0.5813943242440786,
      0.5813947525852491,
      0.581395173667015,
      0.5813955876723711,
      0.5813959947782129,
      0.5813963951555886,
      0.5813967889699387,
      0.581397176381324,
      0.5813975575446424,
      0.5813979326098356,
      0.5813983017220855,
      0.5813986650220018,
      0.5813990226458002,
      0.5813993747254734,
      0.581399721388953,
      0.5814000627602642,
      0.5814003989596748,
      0.5814007301038351,
      0.5814010563059141,
      0.5814013776757277,
      0.5814016943198621,
      0.5814020063417917,
      0.5814023138419921,
      0.5814026169180474,
      0.5814029156647541,
      0.5814032101742193,
      0.581403500535956,
      0.5814037868369734,
      0.5814040691618637,
      0.5814043475928863,
      0.5814046222100465,
      0.5814048930911729,
      0.5814051603119909,
      0.581405423946193,
      0.5814056840655067,
      0.5814059407397597,
      0.581406194036942,
      0.5814064440232665,
      0.581406690763226,
      0.5814069343196496,
      0.581407174753755,
      0.5814074121252008,
      0.5814076464921348,
      0.5814078779112425,
      0.5814081064377921,
      0.5814083321256789,
      0.5814085550274675,
      0.5814087751944326,
      0.5814089926765983,
      0.5814092075227764,
      0.5814094197806022,
      0.5814096294965704,
      0.5814098367160685,
      0.5814100414834099,
      0.5814102438418655,
      0.5814104438336939,
      0.5814106415001712,
      0.5814108368816189,
      0.5814110300174319,
      0.5814112209461046,
      0.5814114097052566,
      0.5814115963316573,
      0.58141178086125,
      0.5814119633291747,
      0.5814121437697906,
      0.5814123222166977,
      0.5814124987027575,
      0.5814126732601133,
      0.5814128459202096,
      0.5814130167138113,
      0.5814131856710213,
      0.5814133528212989,
      0.5814135181934766,
      0.5814136818157769,
      0.5814138437158278,
      0.5814140039206789,
      0.5814141624568164,
      0.5814143193501775,
      0.5814144746261647,
      0.5814146283096593,
      0.581414780425035,
      0.5814149309961705,
      0.5814150800464624,
      0.5814152275988365,
      0.5814153736757606,
      0.5814155182992554,
      0.5814156614909053,
      0.5814158032718695,
      0.5814159436628924,
      0.5814160826843134,
      0.5814162203560777,
      0.581416356697744,
      0.581416491728496,
      0.5814166254671493,
      0.581416757932162,
      0.5814168891416416,
      0.5814170191133542,
      0.5814171478647324,
      0.581417275412883,
      0.5814174017745944,
      0.5814175269663442,
      0.581417651004306,
      0.5814177739043571,
      0.5814178956820845,
      0.581418016352792,
      0.5814181359315064,
      0.5814182544329835,
      0.5814183718717147,
      0.5814184882619328,
      0.581418603617617,
      0.5814187179524997,
      0.5814188312800709,
      0.5814189436135841,
      0.5814190549660616,
      0.5814191653502988,
      0.5814192747788696,
      0.5814193832641313,
      0.5814194908182291,
      0.5814195974531002,
      0.5814197031804793,
      0.5814198080119015,
      0.5814199119587078,
      0.5814200150320481,
      0.5814201172428861,
      0.5814202186020027,
      0.5814203191199996,
      0.5814204188073037,
      0.5814205176741698,
      0.5814206157306849,
      0.5814207129867714,
      0.5814208094521903,
      0.5814209051365442,
      0.5814210000492811,
      0.5814210941996975,
      0.5814211875969406,
      0.5814212802500122,
      0.5814213721677711,
      0.5814214633589362,
      0.5814215538320888,
      0.5814216435956759,
      0.5814217326580124,
      0.5814218210272839,
      0.5814219087115486,
      0.581421995718741,
      0.581422082056673,
      0.581422167733037,
      0.5814222527554079,
      0.5814223371312456,
      0.5814224208678964,
      0.5814225039725964,
      0.5814225864524725,
      0.581422668314545,
      0.5814227495657293,
      0.581422830212838,
      0.5814229102625829,
      0.5814229897215765,
      0.5814230685963343,
      0.5814231468932761,
      0.5814232246187284,
      0.5814233017789252,
      0.5814233783800103,
      0.5814234544280391,
      0.5814235299289794,
      0.5814236048887137,
      0.5814236793130404,
