{
  "model": "cifar_cnn",
  "adversarial_fraction": 0.4,
  "policy": {
    "fedavg": 0.26,
    "norm_clip": 0.74
  },
  "seeds": [
    42,
    43,
    44,
    45,
    46
  ],
  "attacks": {
    "no_attack": {
      "realized_accuracy": {
        "mean": 0.79496,
        "std": 0.006549687015422937,
        "per_seed": [
          0.7994,
          0.8047,
          0.79,
          0.7944,
          0.7863
        ]
      },
      "realized_asr": {
        "mean": 0.0,
        "std": 0.0,
        "per_seed": [
          0.0,
          0.0,
          0.0,
          0.0,
          0.0
        ]
      }
    },
    "dba": {
      "realized_accuracy": {
        "mean": 0.77934,
        "std": 0.010029476556630461,
        "per_seed": [
          0.7784,
          0.7935,
          0.7864,
          0.774,
          0.7644
        ]
      },
      "realized_asr": {
        "mean": 0.2361111111111111,
        "std": 0.1904386489459156,
        "per_seed": [
          0.22166666666666668,
          0.10333333333333333,
          0.17566666666666667,
          0.6028888888888889,
          0.077
        ]
      }
    },
    "backdoor_pixel": {
      "realized_accuracy": {
        "mean": 0.78378,
        "std": 0.010216731375542755,
        "per_seed": [
          0.7844,
          0.7975,
          0.7869,
          0.7843,
          0.7658
        ]
      },
      "realized_asr": {
        "mean": 0.9515333333333335,
        "std": 0.028272518611577133,
        "per_seed": [
          0.9721111111111111,
          0.9451111111111111,
          0.9127777777777778,
          0.9932222222222222,
          0.9344444444444444
        ]
      }
    }
  }
}