{
  "nash_equilibria": [
    {
      "adversary_strategy": [
        0.0,
        1.0,
        0.0
      ],
      "server_strategy": [
        1.0,
        0.0,
        0.0
      ],
      "adversary_utility": 0.3874444444444444,
      "server_utility": 0.614855,
      "value_of_information": 0.0
    }
  ],
  "stackelberg": {
    "server_strategy": [
      1.0,
      0.0,
      -0.0
    ],
    "adversary_strategy": [
      0.0,
      1.0,
      0.0
    ],
    "server_utility": 0.614855,
    "adversary_utility": 0.3874444444444444
  },
  "fictitious_play": {
    "adversary_strategy": [
      2e-05,
      0.99998,
      0.0
    ],
    "server_strategy": [
      1.0,
      0.0,
      0.0
    ],
    "convergence": [
      0.3836083608360836,
      0.3855168601437258,
      0.386157253599114,
      0.38647824882238846,
      0.3866711022399645,
      0.38679977814753186,
      0.38689174195593595,
      0.3869607435150506,
      0.38701442841287453,
      0.38705738705738707,
      0.38709254213341404,
      0.3871218429086872,
      0.3871466393372619,
      0.3871678959473392,
      0.3871863202309571,
      0.3872024429176209,
      0.3872166699327193,
      0.3872293170460855,
      0.387240633584663,
      0.387250819034927,
      0.38726003490401395,
      0.3872684133474683,
      0.38727606354724997,
      0.38728307649590443,
      0.3872895286329912,
      0.3872954846426588,
      0.3873009996297667,
      0.3873061208298623,
      0.3873108889654908,
      0.387315339331334,
      0.38731950266938975,
      0.3873234058801069,
      0.3873270726042613,
      0.3873305237021791,
      0.38733377765082994,
      0.387336850874757,
      0.387339758023357,
      0.38734251220439064,
      0.3873451251815773,
      0.3873476075425588,
      0.3873499688422878,
      0.38735221772593825,
      0.3873543620346689,
      0.3873564088969678,
      0.3873583648078205,
      0.3873602356975536,
      0.3873620269918929,
      0.3873637436645143,
      0.38736539028316214,
      0.3873669710502344,
      0.3873684898385937,
      0.38736995022324766,
      0.3873713555094426,
      0.38737270875763746,
      0.38737401280575245,
      0.3873752702890357,
      0.3873764836578378,
      0.38737765519354894,
      0.3873787870229151,
      0.3873798811309226,
      0.38738093937241613,
      0.38738196348259235,
      0.3873829550864942,
      0.3873839157076151,
      0.3873848467757097,
      0.38738574963389383,
      0.38738662554510933,
      0.38738747569801824,
      0.38738830121238466,
      0.3873891031439953,
      0.38738988248916423,
      0.38739064018886266,
      0.3873913771325085,
      0.38739209416144965,
      0.38739279207216815,
      0.3873934716192314,
      0.38739413351801355,
      0.3873947784472076,
      0.3873954070511468,
      0.3873960199419517,
      0.3873966177015183,
      0.38739720088336105,
      0.38739777001432224,
      0.38739832559615917,
      0.38739886810702007,
      0.3873993980028162,
      0.3873999157184998,
      0.38740042166925476,
      0.38740091625160716,
      0.3874013998444617,
      0.38740187281006966,
      0.3874023354949341,
      0.38740278823065616,
      0.387403231334728,
      0.38740366511127483,
      0.3874040898517515,
      0.3874045058355954,
      0.3874049133308392,
      0.38740531259468736,
      0.38740570387405704,
      0.3874060874060874,
      0.38740646341861906,
      0.38740683213064536,
      0.3874071937527374,
      0.38740754848744563,
      0.3874078965296775,
      0.387408238067055,
      0.3874085732802518,
      0.38740890234331204,
      0.38740922542395134,
      0.38740954268384226,
      0.3874098542788838,
      0.38741016035945686,
      0.3874104610706663,
      0.3874107565525703,
      0.38741104694039785,
      0.3874113323647551,
      0.38741161295182136,
      0.3874118888235349,
      0.38741216009776963,
      0.38741242688850325,
      0.3874126893059767,
      0.3874129474568463,
      0.38741320144432795,
      0.387413451368335,
      0.38741369732560904,
      0.3874139394098452,
      0.3874141777118107,
      0.3874144123194584,
      0.3874146433180354,
      0.3874148707901856,
      0.38741509481604924,
      0.3874153154733562,
      0.38741553283751623,
      0.38741574698170506,
      0.3874159579769461,
      0.3874161658921895,
      0.38741637079438684,
      0.3874165727485632,
      0.387416771817886,
      0.38741696806373066,
      0.387417161545744,
      0.38741735232190444,
      0.38741754044857996,
      0.3874177259805837,
      0.38741790897122724,
      0.3874180894723715,
      0.38741826753447584,
      0.3874184432066453,
      0.3874186165366753,
      0.3874187875710953,
      0.3874189563552105,
      0.3874191229331416,
      0.3874192873478634,
      0.38741944964124175,
      0.38741960985406915,
      0.3874197680260988,
      0.38741992419607757,
      0.38742007840177767,
      0.3874202306800269,
      0.38742038106673843,
      0.38742052959693846,
      0.3874206763047938,
      0.3874208212236381,
      0.38742096438599677,
      0.38742110582361167,
      0.3874212455674643,
      0.3874213836477987,
      0.387421520094143,
      0.3874216549353306,
      0.38742178819952044,
      0.3874219199142169,
      0.387422050106288,
      0.38742217880198454,
      0.38742230602695715,
      0.3874224318062736,
      0.3874225561644351,
      0.38742267912539247,
      0.3874228007125611,
      0.3874229209488362,
      0.3874230398566071,
      0.3874231574577709,
      0.3874232737737464,
      0.3874233888254865,
      0.3874235026334913,
      0.3874236152178198,
      0.38742372659810226,
      0.38742383679355114,
      0.38742394582297235,
      0.3874240537047758,
      0.3874241604569859,
      0.3874242660972519,
      0.3874243706428567,
      0.3874244741107274,
      0.38742457651744355,
      0.3874246778792465,
      0.38742477821204785,
      0.3874248775314378,
      0.38742497585269303,
      0.3874250731907849,
      0.3874251695603867,
      0.38742526497588126,
      0.387425359451368,
      0.3874254530006699,
      0.38742554563734016,
      0.38742563737466895,
      0.38742572822568955,
      0.38742581820318467,
      0.3874259073196923,
      0.3874259955875117,
      0.38742608301870896,
      0.3874261696251225,
      0.38742625541836845,
      0.3874263404098458,
      0.38742642461074156,
      0.38742650803203554,
      0.387426590684505,
      0.3874266725787298,
      0.3874267537250962,
      0.38742683413380197,
      0.38742691381486005,
      0.3874269927781031,
      0.38742707103318735,
      0.38742714858959665,
      0.3874272254566463,
      0.38742730164348677,
      0.387427377159107,
      0.3874274520123386,
      0.3874275262118587,
      0.38742759976619373,
      0.3874276726837222,
      0.38742774497267835,
      0.3874278166411551,
      0.3874278876971069,
      0.387427958148353,
      0.3874280280025799,
      0.38742809726734456,
      0.3874281659500768,
      0.3874282340580822,
      0.3874283015985445,
      0.3874283685785283,
      0.3874284350049814,
      0.38742850088473724,
      0.3874285662245172,
      0.38742863103093295,
      0.38742869531048874,
      0.38742875906958335,
      0.38742882231451237,
      0.3874288850514705,
      0.38742894728655297,
      0.3874290090257581,
      0.3874290702749891,
      0.3874291310400555,
      0.3874291913266757,
      0.38742925114047816,
      0.3874293104870035,
      0.38742936937170624,
      0.38742942779995604,
      0.3874294857770399,
      0.38742954330816337,
      0.38742960039845215,
      0.38742965705295385,
      0.3874297132766392,
      0.38742976907440374,
      0.38742982445106894,
      0.38742987941138385,
      0.38742993396002645,
      0.3874299881016048,
      0.3874300418406585,
      0.38743009518165994,
      0.38743014812901533,
      0.3874302006870662,
      0.3874302528600906,
      0.3874303046523038,
      0.38743035606786014,
      0.3874304071108534,
