{
  "nash_equilibria": [
    {
      "adversary_strategy": [
        0.0,
        0.8426254589963278,
        0.1573745410036722
      ],
      "server_strategy": [
        0.5059780009564803,
        0.0,
        0.49402199904351973
      ],
      "adversary_utility": 0.12689999468622137,
      "server_utility": 0.23906153197674418,
      "value_of_information": 0.058075030554227136
    }
  ],
  "stackelberg": {
    "server_strategy": [
      0.14202657807308974,
      0.8579734219269103,
      0.0
    ],
    "adversary_strategy": [
      0.0,
      1.0,
      0.0
    ],
    "server_utility": 0.26266178986710964,
    "adversary_utility": 0.12050784422296051
  },
  "fictitious_play": {
    "adversary_strategy": [
      2e-05,
      0.8432,
      0.15678
    ],
    "server_strategy": [
      0.50598,
      0.0,
      0.49402
    ],
    "convergence": [
      0.12502011785336953,
      0.12635205399206292,
      0.12470421592108993,
      0.1264497608845716,
      0.12520101203669398,
      0.12505289114186655,
      0.12527535194723297,
      0.12573057693003736,
      0.12689236237288037,
      0.12628340246721864,
      0.12610075905086882,
      0.12614301046965753,
      0.12622399956569144,
      0.12653256511145722,
      0.12664386448711445,
      0.12624709788875535,
      0.12646936836231443,
      0.12669586949812878,
      0.12668901574208924,
      0.1266825493910827,
      0.12651473785025497,
      0.12620424155638646,
      0.12644083493942435,
      0.12651651467818809,
      0.12665526782312087,
      0.12671747143129147,
      0.12688182946428245,
      0.12674902302293703,
      0.1263888003319259,
      0.12658130541081566,
      0.126858387076837,
      0.12629754638292565,
      0.1267875014929477,
      0.12651573393350313,
      0.1266266239823084,
      0.12662896231636867,
      0.1265609362275693,
      0.1266105956891313,
      0.12661960772854838,
      0.1266220570159468,
      0.1266307480409667,
      0.12667306157399505,
      0.12660080914587363,
      0.12668087574904038,
      0.12661203123161568,
      0.12679868275509204,
      0.12651305467510182,
      0.1268829636284521,
      0.1264458498682446,
      0.12692726826893502,
      0.1264957724320936,
      0.12686904819307893,
      0.12656295229731523,
      0.12682551515964352,
      0.12656292914948702,
      0.12684668154010992,
      0.1264925733851015,
      0.12694529724025777,
      0.12645521765070233,
      0.12686592422342763,
      0.12657969786484266,
      0.1268287299926993,
      0.12662414007697997,
      0.12677608468169466,
      0.12668365628681533,
      0.12680385671764932,
      0.12666291436489532,
      0.12680506237773792,
      0.12666824390789155,
      0.12683047291822688,
      0.12664925824010576,
      0.12687806737732618,
      0.12661556426954174,
      0.12686186751377804,
      0.12664430931050727,
      0.12680920954303562,
      0.1267159821675526,
      0.12671535310100526,
      0.1268205223100693,
      0.12661148076261608,
      0.12693417368468426,
      0.12658176761164752,
      0.1268702283286651,
      0.12668254014989053,
      0.1267293590580544,
      0.12683908446633743,
      0.1265743056041069,
      0.12689772267511587,
      0.12667565338445896,
      0.126751529803029,
      0.12682992527039325,
      0.1266045315350465,
      0.12691013303726617,
      0.12667558408919555,
      0.12677136436534472,
      0.1268217315530865,
      0.12663162828263388,
      0.1269213130328673,
      0.12667552249409003,
      0.12678921351718223,
      0.12680871821145062,
      0.12668962135643597,
      0.12690943987773662,
      0.12663195069561783,
      0.12690264235270504,
      0.12669484925686103,
      0.1268432191946838,
      0.12676087177705256,
      0.12678583912997424,
      0.12681947930828436,
      0.12676117473368653,
      0.1268454352082032,
      0.12674242782737538,
      0.12686548977096337,
      0.1267441687950951,
      0.12687004522123746,
      0.12670685887302832,
      0.1269132184590797,
      0.12667547870080031,
      0.12691197059424686,
      0.12671103325710698,
      0.12684102441806905,
      0.12679189974168087,
      0.12675842332862702,
      0.12687504415089113,
      0.12670986200058054,
      0.12692400819049993,
      0.12669845518367487,
      0.12690945811459028,
      0.12672254485207216,
      0.12689109785437658,
      0.1267416493236952,
      0.12689039689258882,
      0.12674737224331611,
      0.12685605651063156,
      0.1267864869821153,
      0.12682681327330853,
      0.12682036081179904,
      0.12676558651746977,
      0.12688603258946324,
      0.12671399960904786,
      0.12691352626653912,
      0.12673953447501932,
      0.1268573013148274,
      0.12679986246568778,
      0.12677913372513336,
      0.1268859768813115,
      0.12669117862784726,
      0.12687022588751504,
      0.1267994070256338,
      0.1267454375555475,
      0.1269315022923348,
      0.12674254992005407,
      0.12678997820268192,
      0.12689119838299476,
      0.12670623627479086,
      0.12682547344439277,
      0.12685950756570027,
      0.1266784676179571,
      0.12684538123853945,
      0.12684323791223073,
      0.12668336097638785,
      0.12685756497702738,
      0.126834536687512,
      0.12668111517953742,
      0.12685219763458533,
      0.12684326614818525,
      0.12667550500094804,
      0.1268436494661483,
      0.1268550559504743,
      0.1266867601013265,
      0.12683869750379506,
      0.12686312424528493,
      0.1266975854336269,
      0.12681116792482655,
      0.1268936998729615,
      0.1267305811457158,
      0.1267845162419642,
      0.12692315338183788,
      0.1267625166676053,
      0.12676185677930216,
      0.12691707671088298,
      0.12679031971910235,
      0.12673371788786236,
      0.1268866973423601,
      0.12682338966923867,
      0.12669421591971097,
      0.12684523302070402,
      0.12687059012700388,
      0.12671886405602434,
      0.12678114245381739,
      0.12692814334771224,
      0.12679012323077385,
      0.1267070566022694,
      0.12685249949039562,
      0.12687110059635737,
      0.12672474187774527,
      0.1267704211670471,
      0.12691227911792619,
      0.1268105639393574,
      0.12669616935545097,
      0.12683673255577124,
      0.12689131881306506,
      0.12674974550645646,
      0.12674371407966456,
      0.126881018402993,
      0.12684894427245125,
      0.12671056669220376,
      0.12678931361260937,
      0.12692365722001964,
      0.12680555256567702,
      0.12669982181596276,
      0.12683312013960593,
      0.12690092309525222,
      0.12676649156874334,
      0.12672900191222172,
      0.12685953477929013,
      0.1268762466737085,
      0.1267445248504232,
      0.12675705499068188,
      0.12688495758252039,
      0.1268524819307028,
      0.12672337061194477,
      0.1267815387592427,
      0.1269069555904139,
      0.12682958628771762,
      0.1267029846339282,
      0.1268076337979679,
      0.12693078470411573,
      0.1268075129717207,
      0.1267104635913546,
      0.1268328048254413,
      0.12690977316766555,
      0.12678619966997495,
      0.12672007426449486,
      0.1268402414633535,
      0.1269038475747773,
      0.1267823948063585,
      0.12673171237776917,
      0.12684978524693774,
      0.12689573697905357,
      0.12677635751403588,
      0.12674062027205796,
      0.12685668620101198,
      0.12689021872470369,
      0.12677281949100222,
      0.126737683855227,
      0.12685190489362724,
      0.1268963738669386,
      0.12678079666355097,
      0.12673027580881735,
      0.12684275746823082,
      0.12690684237161481,
      0.12679302234743586,
      0.12672980053671418,
      0.12684055201925737,
      0.12690808534363332,
      0.1267960464980807,
      0.12674698808793855,
      0.12685591654986053,
      0.1268917744742323,
      0.12678157774911125,
      0.12677234941228283,
      0.12687942670239583,
      0.12686731560059378,
      0.12675897805862946,
