{
  "nash_equilibria": [
    {
      "adversary_strategy": [
        0.0,
        0.0,
        0.0,
        0.0,
        1.0,
        0.0
      ],
      "server_strategy": [
        0.0,
        0.0,
        0.0,
        0.0,
        1.0,
        0.0,
        0.0
      ],
      "adversary_utility": 0.670875420875421,
      "server_utility": 0.3574733333333333,
      "value_of_information": 0.0
    }
  ],
  "stackelberg": {
    "server_strategy": [
      0.42515027192061816,
      0.0,
      0.0,
      0.5748497280793818,
      0.0,
      0.0,
      0.0
    ],
    "adversary_strategy": [
      0.0,
      0.0,
      1.0,
      0.0,
      0.0,
      0.0
    ],
    "server_utility": 0.3752762967910187,
    "adversary_utility": 0.7632846096046173
  },
  "fictitious_play": {
    "adversary_strategy": [
      2e-05,
      0.0,
      4e-05,
      0.0,
      0.99994,
      0.0
    ],
    "server_strategy": [
      2e-05,
      0.0,
      0.0,
      4e-05,
      0.99994,
      0.0,
      0.0
    ],
    "convergence": [
      0.6672236134504541,
      0.6690509610848216,
      0.6696594529229932,
      0.669963574401109,
      0.6701460065010808,
      0.6702676106815632,
      0.6703544623053539,
      0.6704195963446806,
      0.6704702533685992,
      0.6705107772276968,
      0.6705439319456797,
      0.6705715600734811,
      0.6705949371482831,
      0.6706149742231647,
      0.6706323393757,
      0.670647533645972,
      0.6706609401702339,
      0.6706728569351192,
      0.6706835191874795,
      0.6706931151206916,
      0.6707017970787926,
      0.6707096897047028,
      0.6707168959626625,
      0.6707235016549526,
      0.6707295788545272,
      0.6707351885454442,
      0.6707403826764997,
      0.6707452057747672,
      0.670749696225282,
      0.670753887294776,
      0.6707578079572551,
      0.6707614835647753,
      0.6707649363962521,
      0.6707681861094167,
      0.6707712501152887,
      0.6707741438902358,
      0.670776881237425,
      0.6707794745069902,
      0.6707819347823288,
      0.6707842720384488,
      0.6707864952771445,
      0.6707886126428613,
      0.6707906315223897,
      0.6707925586309674,
      0.670794400086899,
      0.670796161476441,
      0.6707978479104068,
      0.6707994640736931,
      0.6708010142687416,
      0.6708025024537871,
      0.6708039322766036,
      0.6708053071043573,
      0.6708066300500805,
      0.6708079039962029,
      0.670809131615516,
      0.670810315389892,
      0.6708114576270309,
      0.6708125604754762,
      0.6708136259381028,
      0.670814655884257,
      0.6708156520607015,
      0.6708166161015011,
      0.6708175495369681,
      0.6708184538017667,
      0.6708193302422725,
      0.6708201801232598,
      0.6708210046339927,
      0.6708218048937761,
      0.6708225819570264,
      0.6708233368179056,
      0.6708240704145659,
      0.6708247836330381,
      0.6708254773108022,
      0.6708261522400686,
      0.6708268091707942,
      0.6708274488134651,
      0.6708280718416568,
      0.6708286788944026,
      0.6708292705783786,
      0.6708298474699264,
      0.6708304101169256,
      0.6708309590405298,
      0.6708314947367758,
      0.6708320176780792,
      0.670832528314624,
      0.6708330270756546,
      0.6708335143706802,
      0.6708339905905947,
      0.6708344561087244,
      0.6708349112818025,
      0.6708353564508809,
      0.6708357919421836,
      0.6708362180679028,
      0.6708366351269459,
      0.6708370434056339,
      0.6708374431783584,
      0.6708378347081954,
      0.6708382182474821,
      0.6708385940383612,
      0.6708389623132892,
      0.6708393232955159,
      0.6708396771995361,
      0.6708400242315149,
      0.6708403645896877,
      0.6708406984647378,
      0.6708410260401528,
      0.6708413474925612,
      0.670841662992049,
      0.6708419727024609,
      0.6708422767816834,
      0.6708425753819132,
      0.6708428686499109,
      0.670843156727243,
      0.6708434397505082,
      0.6708437178515534,
      0.6708439911576792,
      0.6708442597918346,
      0.6708445238727999,
      0.6708447835153631,
      0.6708450388304864,
      0.6708452899254629,
      0.670845536904068,
      0.670845779866703,
      0.6708460189105293,
      0.6708462541296001,
      0.6708464856149821,
      0.6708467134548738,
      0.6708469377347177,
      0.6708471585373068,
      0.6708473759428865,
      0.670847590029252,
      0.6708478008718406,
      0.6708480085438221,
      0.67084821311618,
      0.6708484146577968,
      0.6708486132355271,
      0.670848808914275,
      0.6708490017570625,
      0.670849191825098,
      0.6708493791778413,
      0.6708495638730653,
      0.6708497459669155,
      0.670849925513967,
      0.6708501025672785,
      0.6708502771784451,
      0.6708504493976492,
      0.6708506192737063,
      0.6708507868541134,
      0.6708509521850922,
      0.6708511153116319,
      0.6708512762775295,
      0.67085143512543,
      0.6708515918968633,
      0.6708517466322802,
      0.6708518993710884,
      0.6708520501516843,
      0.6708521990114863,
      0.6708523459869661,
      0.6708524911136767,
      0.6708526344262835,
      0.6708527759585897,
      0.6708529157435642,
      0.670853053813367,
      0.6708531901993732,
      0.6708533249321981,
      0.6708534580417185,
      0.6708535895570958,
      0.6708537195067974,
      0.6708538479186164,
      0.6708539748196922,
      0.6708541002365296,
      0.6708542241950165,
      0.6708543467204426,
      0.670854467837516,
      0.6708545875703802,
      0.6708547059426301,
      0.6708548229773268,
      0.6708549386970136,
      0.6708550531237303,
      0.6708551662790265,
      0.6708552781839756,
      0.670855388859188,
      0.6708554983248235,
      0.6708556066006035,
      0.6708557137058233,
      0.670855819659363,
      0.670855924479699,
      0.6708560281849145,
      0.67085613079271,
      0.6708562323204131,
      0.6708563327849891,
      0.6708564322030495,
      0.6708565305908614,
      0.6708566279643567,
      0.6708567243391401,
      0.6708568197304986,
      0.6708569141534083,
      0.6708570076225423,
      0.6708571001522798,
      0.6708571917567119,
      0.6708572824496487,
      0.6708573722446279,
      0.6708574611549196,
      0.6708575491935342,
      0.6708576363732279,
      0.6708577227065099,
      0.6708578082056463,
      0.6708578928826688,
      0.6708579767493779,
      0.6708580598173497,
      0.6708581420979407,
      0.6708582236022931,
      0.6708583043413401,
      0.6708583843258101,
      0.6708584635662326,
      0.6708585420729414,
      0.6708586198560801,
      0.6708586969256061,
      0.6708587732912952,
      0.6708588489627453,
      0.6708589239493801,
      0.6708589982604541,
      0.670859071905056,
      0.6708591448921115,
      0.670859217230388,
      0.6708592889284978,
      0.6708593599949012,
      0.6708594304379103,
      0.6708595002656916,
      0.6708595694862703,
      0.670859638107532,
      0.6708597061372266,
      0.6708597735829707,
      0.670859840452251,
      0.6708599067524271,
      0.6708599724907327,
      0.6708600376742807,
      0.6708601023100635,
      0.6708601664049573,
      0.6708602299657229,
      0.6708602929990093,
      0.6708603555113557,
      0.6708604175091933,
      0.6708604789988482,
      0.6708605399865432,
      0.6708606004783997,
      0.6708606604804401,
      0.6708607199985893,
      0.670860779038678,
      0.6708608376064427,
      0.6708608957075283,
      0.6708609533474911,
      0.6708610105317988,
      0.670861067265833,
      0.6708611235548916,
      0.6708611794041887,
      0.6708612348188581,
      0.6708612898039532,
      0.6708613443644502,
      0.6708613985052481,
      0.6708614522311711,
      0.6708615055469699,
      0.6708615584573225,
      0.6708616109668365,
      0.6708616630800496,
      0.6708617148014313,
      0.6708617661353845,
      0.6708618170862459,
      0.6708618676582879,
