{
  "no_attack_fedavg": {
    "accuracy": 0.3975666666666667,
    "worst_class_accuracy": 0.06999999999999999,
    "attack_success_rate": 0.0,
    "accuracy_std": 0.0018354533197248327,
    "attack": "no_attack",
    "defense": "fedavg"
  },
  "no_attack_krum": {
    "accuracy": 0.2568666666666667,
    "worst_class_accuracy": 0.0,
    "attack_success_rate": 0.0,
    "accuracy_std": 0.01706171803254942,
    "attack": "no_attack",
    "defense": "krum"
  },
  "no_attack_multi_krum": {
    "accuracy": 0.40113333333333334,
    "worst_class_accuracy": 0.09333333333333334,
    "attack_success_rate": 0.0,
    "accuracy_std": 0.0037606146069787886,
    "attack": "no_attack",
    "defense": "multi_krum"
  },
  "no_attack_trimmed_mean": {
    "accuracy": 0.4087,
    "worst_class_accuracy": 0.08,
    "attack_success_rate": 0.0,
    "accuracy_std": 0.005452216674589019,
    "attack": "no_attack",
    "defense": "trimmed_mean"
  },
  "no_attack_coord_median": {
    "accuracy": 0.40973333333333334,
    "worst_class_accuracy": 0.060000000000000005,
    "attack_success_rate": 0.0,
    "accuracy_std": 0.007765879788464964,
    "attack": "no_attack",
    "defense": "coord_median"
  },
  "no_attack_norm_clip": {
    "accuracy": 0.39776666666666666,
    "worst_class_accuracy": 0.07333333333333335,
    "attack_success_rate": 0.0,
    "accuracy_std": 0.0031457201966410735,
    "attack": "no_attack",
    "defense": "norm_clip"
  },
  "no_attack_rfa": {
    "accuracy": 0.3989666666666667,
    "worst_class_accuracy": 0.07,
    "attack_success_rate": 0.0,
    "accuracy_std": 0.003781827894315427,
    "attack": "no_attack",
    "defense": "rfa"
  },
  "label_flip_fedavg": {
    "accuracy": 0.39963333333333334,
    "worst_class_accuracy": 0.06666666666666667,
    "attack_success_rate": 0.0,
    "accuracy_std": 0.0033008416435139046,
    "attack": "label_flip",
    "defense": "fedavg"
  },
  "label_flip_krum": {
    "accuracy": 0.24836666666666665,
    "worst_class_accuracy": 0.0,
    "attack_success_rate": 0.0,
    "accuracy_std": 0.015862814658467415,
    "attack": "label_flip",
    "defense": "krum"
  },
  "label_flip_multi_krum": {
    "accuracy": 0.3975666666666667,
    "worst_class_accuracy": 0.06666666666666667,
    "attack_success_rate": 0.0,
    "accuracy_std": 0.005313086568924787,
    "attack": "label_flip",
    "defense": "multi_krum"
  },
  "label_flip_trimmed_mean": {
    "accuracy": 0.40663333333333335,
    "worst_class_accuracy": 0.08,
    "attack_success_rate": 0.0,
    "accuracy_std": 0.004927699485786678,
    "attack": "label_flip",
    "defense": "trimmed_mean"
  },
  "label_flip_coord_median": {
    "accuracy": 0.4054333333333333,
    "worst_class_accuracy": 0.05333333333333334,
    "attack_success_rate": 0.0,
    "accuracy_std": 0.004748567035315911,
    "attack": "label_flip",
    "defense": "coord_median"
  },
  "label_flip_norm_clip": {
    "accuracy": 0.3988333333333334,
    "worst_class_accuracy": 0.07333333333333333,
    "attack_success_rate": 0.0,
    "accuracy_std": 0.003470190516703981,
    "attack": "label_flip",
    "defense": "norm_clip"
  },
  "label_flip_rfa": {
    "accuracy": 0.39796666666666675,
    "worst_class_accuracy": 0.07333333333333333,
    "attack_success_rate": 0.0,
    "accuracy_std": 0.0032314427462392563,
    "attack": "label_flip",
    "defense": "rfa"
  },
  "backdoor_pixel_fedavg": {
    "accuracy": 0.3901666666666667,
    "worst_class_accuracy": 0.08,
    "attack_success_rate": 0.8512794612794613,
    "accuracy_std": 0.0018624953392931908,
    "attack": "backdoor_pixel",
    "defense": "fedavg"
  },
  "backdoor_pixel_krum": {
    "accuracy": 0.23256666666666667,
    "worst_class_accuracy": 0.0,
    "attack_success_rate": 0.9748821548821548,
    "accuracy_std": 0.014914497048919291,
    "attack": "backdoor_pixel",
    "defense": "krum"
  },
  "backdoor_pixel_multi_krum": {
    "accuracy": 0.3848666666666667,
    "worst_class_accuracy": 0.06333333333333334,
    "attack_success_rate": 0.8526262626262625,
    "accuracy_std": 0.0055721529850578325,
    "attack": "backdoor_pixel",
    "defense": "multi_krum"
  },
  "backdoor_pixel_trimmed_mean": {
    "accuracy": 0.3953333333333333,
    "worst_class_accuracy": 0.08333333333333333,
    "attack_success_rate": 0.732996632996633,
    "accuracy_std": 0.004993551397107629,
    "attack": "backdoor_pixel",
    "defense": "trimmed_mean"
  },
  "backdoor_pixel_coord_median": {
    "accuracy": 0.3960000000000001,
    "worst_class_accuracy": 0.06333333333333334,
    "attack_success_rate": 0.6730976430976431,
    "accuracy_std": 0.00567802782663136,
    "attack": "backdoor_pixel",
    "defense": "coord_median"
  },
  "backdoor_pixel_norm_clip": {
    "accuracy": 0.38936666666666664,
    "worst_class_accuracy": 0.08,
    "attack_success_rate": 0.8486868686868686,
    "accuracy_std": 0.005118159391378473,
    "attack": "backdoor_pixel",
    "defense": "norm_clip"
  },
  "backdoor_pixel_rfa": {
    "accuracy": 0.3884666666666667,
    "worst_class_accuracy": 0.08333333333333333,
    "attack_success_rate": 0.8857575757575757,
    "accuracy_std": 0.003910953279643671,
    "attack": "backdoor_pixel",
    "defense": "rfa"
  },
  "backdoor_edge_case_fedavg": {
    "accuracy": 0.39493333333333336,
    "worst_class_accuracy": 0.08333333333333333,
    "attack_success_rate": 0.0,
    "accuracy_std": 0.003922867431979943,
    "attack": "backdoor_edge_case",
    "defense": "fedavg"
  },
  "backdoor_edge_case_krum": {
    "accuracy": 0.24083333333333334,
    "worst_class_accuracy": 0.0,
    "attack_success_rate": 0.0,
    "accuracy_std": 0.010895972752454101,
    "attack": "backdoor_edge_case",
    "defense": "krum"
  },
  "backdoor_edge_case_multi_krum": {
    "accuracy": 0.3971,
    "worst_class_accuracy": 0.06,
    "attack_success_rate": 0.0,
    "accuracy_std": 0.0008164965809277268,
    "attack": "backdoor_edge_case",
    "defense": "multi_krum"
  },
  "backdoor_edge_case_trimmed_mean": {
    "accuracy": 0.39546666666666663,
    "worst_class_accuracy": 0.06333333333333334,
    "attack_success_rate": 0.0,
    "accuracy_std": 0.00041899350299922175,
    "attack": "backdoor_edge_case",
    "defense": "trimmed_mean"
  },
  "backdoor_edge_case_coord_median": {
    "accuracy": 0.40073333333333333,
    "worst_class_accuracy": 0.056666666666666664,
    "attack_success_rate": 0.0,
    "accuracy_std": 0.005972343668015824,
    "attack": "backdoor_edge_case",
    "defense": "coord_median"
  },
  "backdoor_edge_case_norm_clip": {
    "accuracy": 0.39736666666666665,
    "worst_class_accuracy": 0.09000000000000001,
    "attack_success_rate": 0.0,
    "accuracy_std": 0.005606147419475251,
    "attack": "backdoor_edge_case",
    "defense": "norm_clip"
  },
  "backdoor_edge_case_rfa": {
    "accuracy": 0.3956,
    "worst_class_accuracy": 0.09666666666666668,
    "attack_success_rate": 0.0,
    "accuracy_std": 0.001772004514666937,
    "attack": "backdoor_edge_case",
    "defense": "rfa"
  },
  "model_scaling_fedavg": {
    "accuracy": 0.0171,
    "worst_class_accuracy": 0.0,
    "attack_success_rate": 0.6584175084175085,
    "accuracy_std": 0.010040916292848976,
    "attack": "model_scaling",
    "defense": "fedavg"
  },
  "model_scaling_krum": {
    "accuracy": 0.2531666666666667,
    "worst_class_accuracy": 0.0,
    "attack_success_rate": 0.004410774410774411,
    "accuracy_std": 0.02508988286585297,
    "attack": "model_scaling",
    "defense": "krum"
  },
  "model_scaling_multi_krum": {
    "accuracy": 0.020066666666666667,
    "worst_class_accuracy": 0.0,
    "attack_success_rate": 0.6656902356902358,
    "accuracy_std": 0.014236416527889158,
    "attack": "model_scaling",
    "defense": "multi_krum"
  },
  "model_scaling_trimmed_mean": {
    "accuracy": 0.36336666666666667,
    "worst_class_accuracy": 0.03333333333333333,
    "attack_success_rate": 0.893030303030303,
    "accuracy_std": 0.018259122529726207,
    "attack": "model_scaling",
    "defense": "trimmed_mean"
  },