{
  "split_round": 25,
  "gamma": 2.7667326938998514e-08,
  "alpha": 0.25438799195022543,
  "p_FA": 0.8527620151628379,
  "p_NC": 0.9704323903614036,
  "gamma_ci": [
    1.54738331884855e-08,
    3.419509462331011e-08
  ],
  "alpha_ci": [
    0.17346217890665977,
    0.45522141586641734
  ],
  "p_FA_ci": [
    0.7478052677387985,
    0.905703373338856
  ],
  "p_NC_ci": [
    0.9181930094254819,
    0.9898100748980991
  ],
  "T_gamma": 0.17213870731323108,
  "per_condition": {
    "fedavg_pure": {
      "obs_ASR_50_mean": 0.5838,
      "obs_ASR_50_std": 0.47758743702069884,
      "pred_ASR_50_mean": 0.5956893205992818,
      "pred_ASR_50_std": 0.0,
      "held_out_rmse_mean": 0.4490368629763447,
      "held_out_rmse_std": 0.050057367454950735,
      "per_seed_obs_50": [
        0.919,
        1.0,
        1.0,
        0.0,
        0.0
      ],
      "per_seed_pred_50": [
        0.5956893205992818,
        0.5956893205992818,
        0.5956893205992818,
        0.5956893205992818,
        0.5956893205992818
      ]
    },
    "normclip_pure": {
      "obs_ASR_50_mean": 0.9585777777777776,
      "obs_ASR_50_std": 0.020211523421364015,
      "pred_ASR_50_mean": 0.8930390734073054,
      "pred_ASR_50_std": 0.0,
      "held_out_rmse_mean": 0.06712566049192606,
      "held_out_rmse_std": 0.006504718026085413,
      "per_seed_obs_50": [
        0.9523333333333334,
        0.9744444444444444,
        0.9394444444444444,
        0.9892222222222222,
        0.9374444444444444
      ],
      "per_seed_pred_50": [
        0.8930390734073054,
        0.8930390734073054,
        0.8930390734073054,
        0.8930390734073054,
        0.8930390734073054
      ]
    },
    "ne3_mix": {
      "obs_ASR_50_mean": 0.9599777777777778,
      "obs_ASR_50_std": 0.04145015748529255,
      "pred_ASR_50_mean": 0.7965012664691274,
      "pred_ASR_50_std": 0.04730251377306327,
      "held_out_rmse_mean": 0.18622368900036332,
      "held_out_rmse_std": 0.027571825923052396,
      "per_seed_obs_50": [
        0.9771111111111112,
        0.9983333333333333,
        0.8806666666666667,
        0.9831111111111112,
        0.9606666666666667
      ],
      "per_seed_pred_50": [
        0.7798651098851989,
        0.7401242021518871,
        0.8666644889179124,
        0.8353800033549442,
        0.7604725280356948
      ]
    }
  },
  "criterion_pass": false,
  "criterion_details": {
    "ne3_abs_err": 0.16347651130865037,
    "ne3_tol": 0.0829003149705851,
    "p_FA": 0.8527620151628379,
    "p_NC": 0.9704323903614036,
    "max_held_out_rmse": 0.4490368629763447
  }
}