{
  "nash_equilibria": [
    {
      "adversary_strategy": [
        0.0,
        1.0,
        0.0
      ],
      "server_strategy": [
        1.0,
        0.0,
        0.0
      ],
      "adversary_utility": 0.15233333333333332,
      "server_utility": 0.651175,
      "value_of_information": 0.0
    },
    {
      "adversary_strategy": [
        0.0,
        0.0,
        1.0
      ],
      "server_strategy": [
        0.0,
        0.0,
        1.0
      ],
      "adversary_utility": 0.1612222222222222,
      "server_utility": 0.651035,
      "value_of_information": 0.0
    },
    {
      "adversary_strategy": [
        0.0,
        0.9989826155669695,
        0.0010173844330305078
      ],
      "server_strategy": [
        0.030751034890597162,
        0.0,
        0.9692489651094028
      ],
      "adversary_utility": 0.15534877455811813,
      "server_utility": 0.6506603815191623,
      "value_of_information": 0.0056001051317432216
    }
  ],
  "stackelberg": {
    "server_strategy": [
      1.0,
      0.0,
      0.0
    ],
    "adversary_strategy": [
      0.0,
      1.0,
      0.0
    ],
    "server_utility": 0.651175,
    "adversary_utility": 0.15233333333333332
  },
  "fictitious_play": {
    "adversary_strategy": [
      2e-05,
      0.99998,
      0.0
    ],
    "server_strategy": [
      1.0,
      0.0,
      0.0
    ],
    "convergence": [
      0.1508250825082508,
      0.151575456053068,
      0.15182724252491692,
      0.1519534497090607,
      0.1520292747837658,
      0.15207986688851913,
      0.15211602472658106,
      0.1521431543903454,
      0.15216426193118757,
      0.15218115218115216,
      0.15219497426581893,
      0.15220649458784344,
      0.1522162439149372,
      0.15222460147513678,
      0.15223184543637572,
      0.1522381844680408,
      0.15224377816970408,
      0.15224875069405885,
      0.1522532000701385,
      0.15225720473096785,
      0.15226082817705852,
      0.1522641223686203,
      0.15226713023323193,
      0.15226988754685547,
      0.15227242436358787,
      0.15227476611559654,
      0.15227693446871526,
      0.15227894799476377,
      0.1522808227048144,
      0.15228257247584137,
      0.15228420939481885,
      0.15228574403832135,
      0.15228718570130262,
      0.15228854258551405,
      0.1522898219556317,
      0.1522910302693696,
      0.15229217328649913,
      0.15229325616065945,
      0.1522942835170469,
      0.1522952595184537,
      0.15229618792164512,
      0.15229707212568433,
      0.1522979152135162,
      0.15229871998788153,
      0.1522994890024439,
      0.15230022458885747,
      0.15230092888038005,
      0.15230160383253488,
      0.15230225124124327,
      0.15230287275878157,
      0.15230346990786117,
      0.15230404409408446,
      0.1523045966169905,
      0.15230512867987409,
      0.1523056413985336,
      0.1523061358090817,
      0.15230661287493422,
      0.15230707349307587,
      0.15230751849968932,
      0.1523079486752208,
      0.15230836474894824,
      0.152308767403107,
      0.15230915727662275,
      0.1523095349684945,
      0.1523099010408655,
      0.15231025602181486,
      0.1523106004078993,
      0.15231093466647058,
      0.1523112592377916,
      0.1523115745369709,
      0.15231188095573392,
      0.15231217886404663,
      0.15231246861160572,
      0.15231275052920776,
      0.1523130249300093,
      0.15231329211068717,
      0.15231355235250832,
      0.15231380592231764,
      0.1523140530734506,
      0.1523142940465775,
      0.15231452907048512,
      0.15231475836280126,
      0.15231498213066696,
      0.15231520057136053,
      0.1523154138728777,
      0.15231562221447117,
      0.1523158257671532,
      0.15231602469416353,
      0.1523162191514062,
      0.1523164092878569,
      0.15231659524594365,
      0.15231677716190267,
      0.15231695516611116,
      0.15231712938339892,
      0.15231729993334034,
      0.15231746693052806,
      0.15231763048482974,
      0.15231779070162907,
      0.1523179476820523,
      0.152318101523181,
      0.1523182523182523,
      0.15231840015684736,
      0.15231854512506876,
      0.15231868730570777,
      0.15231882677840206,
      0.15231896361978428,
      0.15231909790362272,
      0.1523192297009536,
      0.1523193590802067,
      0.15231948610732357,
      0.15231961084586973,
      0.15231973335714072,
      0.1523198537002625,
      0.15231997193228664,
      0.15232008810828043,
      0.15232020228141252,
      0.1523203145030339,
      0.15232042482275512,
      0.15232053328851916,
      0.1523206399466711,
      0.15232074484202407,
      0.152320848017922,
      0.1523209495162995,
      0.15232104937773833,
      0.152321147641522,
      0.15232124434568683,
      0.15232133952707133,
      0.1523214332213629,
      0.15232152546314237,
      0.15232161628592672,
      0.1523217057222095,
      0.15232179380349972,
      0.15232188056035886,
      0.1523219660224361,
      0.15232205021850231,
      0.1523221331764821,
      0.1523222149234849,
      0.15232229548583434,
      0.1523223748890967,
      0.15232245315810775,
      0.15232253031699877,
      0.1523226063892214,
      0.15232268139757124,
      0.1523227553642108,
      0.15232282831069122,
      0.15232290025797318,
      0.15232297122644717,
      0.1523230412359525,
      0.152323110305796,
      0.15232317845476967,
      0.15232324570116768,
      0.15232331206280286,
      0.1523233775570224,
      0.15232344220072289,
      0.1523235060103649,
      0.15232356900198704,
      0.15232363119121922,
      0.15232369259329576,
      0.1523237532230677,
      0.1523238130950149,
      0.15232387222325736,
      0.15232393062156654,
      0.15232398830337607,
      0.15232404528179175,
      0.15232410156960183,
      0.15232415717928638,
      0.15232421212302655,
      0.15232426641271352,
      0.152324320059957,
      0.15232437307609353,
      0.1523244254721946,
      0.15232447725907408,
      0.1523245284472959,
      0.1523245790471812,
      0.1523246290688151,
      0.15232467852205367,
      0.1523247274165301,
      0.1523247757616613,
      0.1523248235666536,
      0.15232487084050886,
      0.1523249175920299,
      0.1523249638298262,
      0.15232500956231898,
      0.1523250547977465,
      0.15232509954416876,
      0.1523251438094726,
      0.15232518760137603,
      0.15232523092743291,
      0.1523252737950373,
      0.15232531621142745,
      0.1523253581836902,
      0.15232539971876463,
      0.1523254408234461,
      0.1523254815043898,
      0.15232552176811445,
      0.15232556162100572,
      0.15232560106931964,
      0.1523256401191859,
      0.15232567877661088,
      0.15232571704748094,
      0.15232575493756528,
      0.15232579245251884,
      0.15232582959788515,
      0.15232586637909906,
      0.15232590280148933,
      0.15232593887028137,
      0.1523259745905995,
      0.1523260099674695,
      0.1523260450058211,
      0.15232607971048998,
      0.15232611408622024,
      0.15232614813766646,
      0.15232618186939578,
      0.15232621528589005,
      0.15232624839154765,
      0.15232628119068561,
      0.15232631368754126,
      0.15232634588627433,
      0.15232637779096844,
      0.15232640940563305,
      0.15232644073420507,
      0.15232647178055042,
      0.1523265025484657,
      0.15232653304167967,
      0.1523265632638549,
      0.15232659321858913,
      0.1523266229094166,
      0.15232665233980963,
      0.1523266815131799,
      0.15232671043287974,
      0.15232673910220335,
      0.15232676752438828,
      0.15232679570261648,
      0.15232682364001537,
      0.15232685133965929,
      0.1523268788045704,
      0.15232690603771992,
      0.15232693304202904,
      0.15232695982037012,
      0.15232698637556769,
      0.15232701271039928,
      0.15232703882759666,
      0.1523270647298465,
      0.15232709041979153,
      0.15232711590003128,
      0.15232714117312304,
      0.15232716624158266,
      0.15232719110788542,
