{
  "nash_equilibria": [
    {
      "adversary_strategy": [
        0.0,
        1.0,
        0.0
      ],
      "server_strategy": [
        1.0,
        0.0,
        0.0
      ],
      "adversary_utility": 0.7746666666666666,
      "server_utility": 0.63298,
      "value_of_information": 0.0
    },
    {
      "adversary_strategy": [
        0.0,
        0.0,
        1.0
      ],
      "server_strategy": [
        0.0,
        0.0,
        1.0
      ],
      "adversary_utility": 0.8858888888888888,
      "server_utility": 0.58013,
      "value_of_information": 0.0
    },
    {
      "adversary_strategy": [
        0.0,
        0.9817067001234392,
        0.018293299876560788
      ],
      "server_strategy": [
        0.07944578619550025,
        0.0,
        0.9205542138044998
      ],
      "adversary_utility": 0.8131253760433879,
      "server_utility": 0.6231385705324078,
      "value_of_information": 0.06392737595864595
    }
  ],
  "stackelberg": {
    "server_strategy": [
      1.0,
      0.0,
      -0.0
    ],
    "adversary_strategy": [
      0.0,
      1.0,
      0.0
    ],
    "server_utility": 0.63298,
    "adversary_utility": 0.7746666666666666
  },
  "fictitious_play": {
    "adversary_strategy": [
      2e-05,
      0.99998,
      0.0
    ],
    "server_strategy": [
      1.0,
      0.0,
      0.0
    ],
    "convergence": [
      0.766996699669967,
      0.7708126036484245,
      0.7720930232558139,
      0.7727348295926849,
      0.7731204258150365,
      0.773377703826955,
      0.7735615786970993,
      0.773699542238868,
      0.7738068812430632,
      0.7738927738927739,
      0.77396306388132,
      0.7740216486261449,
      0.7740712272610811,
      0.774113728289317,
      0.7741505662891405,
      0.7741828024151571,
      0.7742112482853223,
      0.7742365352581898,
      0.774259161844643,
      0.774279526903215,
      0.7742979533555449,
      0.7743147054369226,
      0.7743300014486455,
      0.7743440233236151,
      0.7743569238971078,
      0.7743688325003203,
      0.7743798593113661,
      0.7743900987742472,
      0.7743996323106974,
      0.7744085304898367,
      0.7744168547780286,
      0.7744246589607414,
      0.7744319903059678,
      0.7744388905223953,
      0.7744453965533656,
      0.7744515412385448,
      0.7744573538683238,
      0.7744628606507059,
      0.7744680851063829,
      0.7744730484045654,
      0.7744777696496788,
      0.7744822661271125,
      0.7744865535146864,
      0.7744906460652881,
      0.7744945567651632,
      0.7744982974715641,
      0.7745018790328299,
      0.7745053113934597,
      0.7745086036863225,
      0.7745117643138039,
      0.7745148010194078,
      0.774517720951099,
      0.7745205307174746,
      0.7745232364376966,
      0.7745258437859782,
      0.7745283580313038,
      0.7745307840729696,
      0.7745331264724472,
      0.7745353894820086,
      0.7745375770704882,
      0.7745396929465114,
      0.7745417405794763,
      0.7745437232185367,
      0.7745456439098057,
      0.7745475055119725,
      0.7745493107104984,
      0.7745510620305426,
      0.7745527618487477,
      0.7745544124039994,
      0.7745560158072655,
      0.7745575740506031,
      0.7745590890154145,
      0.7745605624800256,
      0.7745619961266496,
      0.7745633915477935,
      0.7745647502521598,
      0.7745660736700861,
      0.7745673631585693,
      0.7745686200059063,
      0.7745698454359872,
      0.77457104061227,
      0.7745722066414664,
      0.7745733445769586,
      0.7745744554219735,
      0.7745755401325334,
      0.7745765996201992,
      0.7745776347546258,
      0.7745786463659432,
      0.7745796352469759,
      0.774580602155316,
      0.7745815478152583,
      0.7745824729196101,
      0.7745833781313837,
      0.774584264085381,
      0.7745851313896782,
      0.7745859806270179,
      0.7745868123561145,
      0.7745876271128795,
      0.7745884254115745,
      0.774589207745892,
      0.7745899745899746,
      0.7745907263993725,
      0.7745914636119471,
      0.7745921866487196,
      0.7745928959146747,
      0.7745935917995157,
      0.7745942746783789,
      0.774594944912508,
      0.7745956028498914,
      0.7745962488258643,
      0.7745968831636789,
      0.7745975061750439,
      0.7745981181606347,
      0.774598719410578,
      0.7745993102049097,
      0.7745998908140103,
      0.7746004614990172,
      0.7746010225122164,
      0.7746015740974147,
      0.7746021164902924,
      0.7746026499187395,
      0.7746031746031745,
      0.774603690756849,
      0.7746041985861355,
      0.7746046982908034,
      0.7746051900642805,
      0.7746056740939032,
      0.774606150561154,
      0.7746066196418881,
      0.7746070815065508,
      0.7746075363203826,
      0.7746079842436179,
      0.7746084254316717,
      0.7746088600353207,
      0.7746092882008739,
      0.774609710070338,
      0.7746101257815731,
      0.7746105354684443,
      0.7746109392609644,
      0.774611337285432,
      0.7746117296645627,
      0.7746121165176161,
      0.7746124979605156,
      0.7746128741059648,
      0.7746132450635588,
      0.7746136109398899,
      0.7746139718386504,
      0.77461432786073,
      0.7746146791043107,
      0.7746150256649557,
      0.7746153676356974,
      0.7746157051071201,
      0.7746160381674401,
      0.774616366902582,
      0.774616691396254,
      0.7746170117300172,
      0.7746173279833556,
      0.7746176402337405,
      0.7746179485566945,
      0.7746182530258525,
      0.7746185537130199,
      0.7746188506882291,
      0.7746191440197943,
      0.7746194337743633,
      0.7746197200169687,
      0.7746200028110756,
      0.7746202822186296,
      0.7746205583001011,
      0.7746208311145296,
      0.7746211007195655,
      0.7746213671715103,
      0.774621630525357,
      0.7746218908348265,
      0.7746221481524049,
      0.7746224025293792,
      0.7746226540158703,
      0.7746229026608665,
      0.7746231485122559,
      0.7746233916168557,
      0.7746236320204433,
      0.7746238697677844,
      0.774624104902661,
      0.7746243374678979,
      0.7746245675053891,
      0.774624795056123,
      0.7746250201602064,
      0.7746252428568882,
      0.7746254631845824,
      0.7746256811808899,
      0.7746258968826202,
      0.7746261103258119,
      0.7746263215457528,
      0.7746265305769994,
      0.7746267374533958,
      0.7746269422080918,
      0.7746271448735609,
      0.7746273454816168,
      0.7746275440634312,
      0.7746277406495485,
      0.7746279352699031,
      0.7746281279538331,
      0.7746283187300959,
      0.7746285076268821,
      0.7746286946718298,
      0.7746288798920377,
      0.7746290633140785,
      0.7746292449640113,
      0.7746294248673942,
      0.7746296030492958,
      0.7746297795343079,
      0.7746299543465555,
      0.7746301275097086,
      0.774630299046993,
      0.7746304689812001,
      0.7746306373346975,
      0.7746308041294384,
      0.7746309693869714,
      0.7746311331284498,
      0.7746312953746404,
      0.7746314561459327,
      0.774631615462347,
      0.774631773343543,
      0.7746319298088277,
      0.7746320848771632,
      0.7746322385671747,
      0.7746323908971579,
      0.7746325418850858,
      0.7746326915486162,
      0.7746328399050987,
      0.7746329869715809,
      0.7746331327648154,
      0.7746332773012656,
      0.774633420597113,
      0.774633562668262,
      0.7746337035303461,
      0.7746338431987344,
      0.7746339816885363,
      0.7746341190146072,
      0.774634255191554,
      0.7746343902337403,
      0.7746345241552909,
      0.7746346569700976,
      0.7746347886918233,
      0.774634919333907,
      0.7746350489095682,
      0.7746351774318117,
      0.7746353049134312,
      0.7746354313670147,
      0.7746355568049476,
      0.7746356812394171,
      0.7746358046824163,
      0.7746359271457481,
      0.7746360486410286,
      0.774636169179691,
      0.7746362887729893,
      0.7746364074320012,
