{
  "seeds": [
    42,
    43,
    44
  ],
  "vopds": [
    0.01159627375854555,
    0.0,
    0.0
  ],
  "mixed_count": 1,
  "n_seeds": 3,
  "pct_mixed": 33.333333333333336,
  "mean_vopd": 0.00386542458618185,
  "median_vopd": 0.0,
  "per_seed": [
    {
      "seed": 42,
      "best_vopd": 0.01159627375854555,
      "mixed": true,
      "equilibria": [
        {
          "ne_idx": 1,
          "adversary_utility": 0.7421205769664188,
          "server_utility": 0.4974775098872125,
          "vopd": 0.01159627375854555,
          "adversary_support": [
            "backdoor_pixel",
            "model_scaling"
          ],
          "server_support": [
            "fedavg",
            "rfa"
          ]
        }
      ]
    },
    {
      "seed": 43,
      "best_vopd": 0.0,
      "mixed": false,
      "equilibria": [
        {
          "ne_idx": 1,
          "adversary_utility": 0.8357777777777777,
          "server_utility": 0.46121999999999996,
          "vopd": 0.0,
          "adversary_support": [
            "model_scaling"
          ],
          "server_support": [
            "rfa"
          ]
        }
      ]
    },
    {
      "seed": 44,
      "best_vopd": 0.0,
      "mixed": false,
      "equilibria": [
        {
          "ne_idx": 1,
          "adversary_utility": 0.8244444444444444,
          "server_utility": 0.43395999999999996,
          "vopd": 0.0,
          "adversary_support": [
            "model_scaling"
          ],
          "server_support": [
            "rfa"
          ]
        }
      ]
    }
  ]
}