{
  "menu": [
    "reputation",
    "trimmed_mean"
  ],
  "attacks": [
    "model_scaling",
    "backdoor_pixel"
  ],
  "seeds": [
    42,
    43,
    44,
    45,
    46
  ],
  "lambda_c": 0.1,
  "lambda_f": 0.05,
  "lambda_a": 0.1,
  "def_costs": {
    "reputation": 0.04,
    "trimmed_mean": 0.04
  },
  "atk_costs": {
    "model_scaling": 0.05,
    "backdoor_pixel": 0.05
  },
  "per_seed": [
    {
      "seed": 42,
      "U_A": [
        [
          0.008888888888888887,
          0.91
        ],
        [
          0.8321111111111111,
          0.5965555555555555
        ]
      ],
      "U_D": [
        [
          0.75875,
          0.7321500000000001
        ],
        [
          0.7464,
          0.747
        ]
      ],
      "equilibria": [
        {
          "is_mixed": true,
          "server_strategy": {
            "reputation": 0.27575757575757565,
            "trimmed_mean": 0.7242424242424244
          },
          "adversary_strategy": {
            "model_scaling": 0.02205882352941335,
            "backdoor_pixel": 0.9779411764705866
          },
          "U_A_NE": 0.6615117845117845,
          "U_A_full_info": 0.8885215488215489,
          "VoPD": 0.22700976430976438
        }
      ]
    },
    {
      "seed": 43,
      "U_A": [
        [
          0.007444444444444443,
          0.884
        ],
        [
          0.7873333333333333,
          0.3937777777777778
        ]
      ],
      "U_D": [
        [
          0.7596499999999999,
          0.7057
        ],
        [
          0.7383,
          0.75215
        ]
      ],
      "equilibria": [
        {
          "is_mixed": true,
          "server_strategy": {
            "reputation": 0.3859679818038667,
            "trimmed_mean": 0.6140320181961333
          },
          "adversary_strategy": {
            "model_scaling": 0.20427728613569374,
            "backdoor_pixel": 0.7957227138643063
          },
          "U_A_NE": 0.545677621283255,
          "U_A_full_info": 0.8466897617589595,
          "VoPD": 0.30101214047570446
        }
      ]
    },
    {
      "seed": 44,
      "U_A": [
        [
          0.012222222222222221,
          0.8105555555555556
        ],
        [
          0.823,
          0.5966666666666667
        ]
      ],
      "U_D": [
        [
          0.7630999999999999,
          0.72455
        ],
        [
          0.7555499999999999,
          0.7475499999999999
        ]
      ],
      "equilibria": [
        {
          "is_mixed": false,
          "server_strategy": {
            "reputation": 1.0,
            "trimmed_mean": 0.0
          },
          "adversary_strategy": {
            "model_scaling": 0.0,
            "backdoor_pixel": 1.0
          },
          "U_A_NE": 0.823,
          "U_A_full_info": 0.823,
          "VoPD": 0.0
        }
      ]
    },
    {
      "seed": 45,
      "U_A": [
        [
          0.017888888888888888,
          0.6958888888888889
        ],
        [
          0.9257777777777778,
          0.8555555555555555
        ]
      ],
      "U_D": [
        [
          0.71105,
          0.44665
        ],
        [
          0.7395,
          0.7404000000000001
        ]
      ],
      "equilibria": [
        {
          "is_mixed": false,
          "server_strategy": {
            "reputation": 0.0,
            "trimmed_mean": 1.0
          },
          "adversary_strategy": {
            "model_scaling": 0.0,
            "backdoor_pixel": 1.0
          },
          "U_A_NE": 0.8555555555555555,
          "U_A_full_info": 0.8555555555555555,
          "VoPD": 0.0
        }
      ]
    },
    {
      "seed": 46,
      "U_A": [
        [
          0.013777777777777778,
          0.9035555555555556
        ],
        [
          0.8175555555555556,
          0.611
        ]
      ],
      "U_D": [
        [
          0.74185,
          0.7151
        ],
        [
          0.7337499999999999,
          0.7377
        ]
      ],
      "equilibria": [
        {
          "is_mixed": true,
          "server_strategy": {
            "reputation": 0.2668490929360494,
            "trimmed_mean": 0.7331509070639506
          },
          "adversary_strategy": {
            "model_scaling": 0.1286644951140098,
            "backdoor_pixel": 0.8713355048859902
          },
          "U_A_NE": 0.6661191626409018,
          "U_A_full_info": 0.8806065335630553,
          "VoPD": 0.21448737092215353
        }
      ]
    }
  ],
  "aggregate_U_A": [
    [
      0.012044444444444444,
      0.8408
    ],
    [
      0.8371555555555557,
      0.6107111111111111
    ]
  ],
  "aggregate_U_D": [
    [
      0.7468799999999999,
      0.66483
    ],
    [
      0.7426999999999999,
      0.7449600000000001
    ]
  ],
  "aggregate_equilibria": [
    {
      "is_mixed": true,
      "server_strategy": {
        "reputation": 0.21805239659674835,
        "trimmed_mean": 0.7819476034032516
      },
      "adversary_strategy": {
        "model_scaling": 0.026805835606691364,
        "backdoor_pixel": 0.9731941643933086
      },
      "U_A_NE": 0.6600878649182415,
      "U_A_full_info": 0.8400053201546251,
      "VoPD": 0.1799174552363837
    }
  ]
}