{
  "fl_config": {
    "N": 20,
    "K": 4,
    "f": 0.4,
    "num_rounds": 50
  },
  "attacks": [
    "no_attack",
    "label_flip",
    "gaussian_noise",
    "dba"
  ],
  "defenses": [
    "fedavg",
    "norm_clip",
    "rfa",
    "trimmed_mean",
    "coord_median"
  ],
  "seeds": [
    42,
    43,
    44,
    45,
    46
  ],
  "per_seed": [
    {
      "seed": 42,
      "metric_i": {
        "vopd": 0.0,
        "mixed": false,
        "support": {
          "adv": {
            "dba": 1.0
          },
          "srv": {
            "fedavg": 1.0
          }
        },
        "U_A": [
          [
            0.0,
            0.0,
            0.0,
            0.0,
            0.0
          ],
          [
            -0.010000000000000002,
            -0.010000000000000002,
            -0.010000000000000002,
            -0.010000000000000002,
            -0.010000000000000002
          ],
          [
            -0.010000000000000002,
            -0.010000000000000002,
            -0.010000000000000002,
            -0.010000000000000002,
            -0.010000000000000002
          ],
          [
            0.27199999999999996,
            0.27199999999999996,
            0.491,
            0.27355555555555555,
            0.3854444444444444
          ]
        ]
      },
      "metric_ii": {
        "vopd": 0.14049611701201464,
        "mixed": false,
        "support": {
          "adv": {
            "dba": 0.995
          },
          "srv": {
            "fedavg": 0.427,
            "norm_clip": 0.573
          }
        },
        "U_A": [
          [
            0.0,
            0.0,
            0.0,
            0.0,
            0.0
          ],
          [
            0.011100000000000006,
            0.011100000000000006,
            0.05030000000000002,
            0.007700000000000047,
            0.13870000000000005
          ],
          [
            0.6012000000000001,
            0.026900000000000042,
            0.24160000000000004,
            0.6012000000000001,
            0.6012000000000001
          ],
          [
            0.27199999999999996,
            0.27199999999999996,
            0.491,
            0.27355555555555555,
            0.3854444444444444
          ]
        ]
      }
    },
    {
      "seed": 43,
      "metric_i": {
        "vopd": 0.0,
        "mixed": false,
        "support": {
          "adv": {
            "dba": 1.0
          },
          "srv": {
            "fedavg": 1.0
          }
        },
        "U_A": [
          [
            0.0,
            0.0,
            0.0,
            0.0,
            0.0
          ],
          [
            -0.010000000000000002,
            -0.010000000000000002,
            -0.010000000000000002,
            -0.010000000000000002,
            -0.010000000000000002
          ],
          [
            -0.010000000000000002,
            -0.010000000000000002,
            -0.010000000000000002,
            -0.010000000000000002,
            -0.010000000000000002
          ],
          [
            0.10233333333333333,
            0.10233333333333333,
            0.12355555555555556,
            0.12822222222222224,
            0.016444444444444442
          ]
        ]
      },
      "metric_ii": {
        "vopd": 0.039573191745557235,
        "mixed": false,
        "support": {
          "adv": {
            "dba": 0.994
          },
          "srv": {
            "fedavg": 0.08,
            "norm_clip": 0.92
          }
        },
        "U_A": [
          [
            0.0,
            0.0,
            0.0,
            0.0,
            0.0
          ],
          [
            0.005600000000000056,
            0.005600000000000056,
            0.014399999999999975,
            0.0025000000000000647,
            0.07079999999999997
          ],
          [
            0.5945,
            0.059300000000000026,
            0.2553,
            0.5945,
            0.5945
          ],
          [
            0.10233333333333333,
            0.10233333333333333,
            0.12355555555555556,
            0.12822222222222224,
            0.1746
          ]
        ]
      }
    },
    {
      "seed": 44,
      "metric_i": {
        "vopd": 0.0,
        "mixed": false,
        "support": {
          "adv": {
            "dba": 1.0
          },
          "srv": {
            "fedavg": 1.0
          }
        },
        "U_A": [
          [
            0.0,
            0.0,
            0.0,
            0.0,
            0.0
          ],
          [
            -0.010000000000000002,
            -0.010000000000000002,
            -0.010000000000000002,
            -0.010000000000000002,
            -0.010000000000000002
          ],
          [
            -0.010000000000000002,
            -0.010000000000000002,
            -0.010000000000000002,
            -0.010000000000000002,
            -0.010000000000000002
          ],
          [
            0.2147777777777778,
            0.2147777777777778,
            0.2945555555555555,
            0.13966666666666666,
            0.07966666666666666
          ]
        ]
      },
      "metric_ii": {
        "vopd": 0.09701956179858151,
        "mixed": false,
        "support": {
          "adv": {
            "dba": 0.994
          },
          "srv": {
            "fedavg": 0.249,
            "norm_clip": 0.751
          }
        },
        "U_A": [
          [
            0.0,
            0.0,
            0.0,
            0.0,
            0.0
          ],
          [
            0.049599999999999984,
            0.049599999999999984,
            0.01960000000000007,
            0.04490000000000006,
            0.1331
          ],
          [
            0.6045,
            0.08560000000000001,
            0.6045,
            0.6045,
            0.6045
          ],
          [
            0.2147777777777778,
            0.2147777777777778,
            0.2945555555555555,
            0.13966666666666666,
            0.12390000000000004
          ]
        ]
      }
    },
    {
      "seed": 45,
      "metric_i": {
        "vopd": 0.0,
        "mixed": false,
        "support": {
          "adv": {
            "dba": 1.0
          },
          "srv": {
            "fedavg": 1.0
          }
        },
        "U_A": [
          [
            0.0,
            0.0,
            0.0,
            0.0,
            0.0
          ],
          [
            -0.010000000000000002,
            -0.010000000000000002,
            -0.010000000000000002,
            -0.010000000000000002,
            -0.010000000000000002
          ],
          [
            -0.010000000000000002,
            -0.010000000000000002,
            -0.010000000000000002,
            -0.010000000000000002,
            -0.010000000000000002
          ],
          [
            0.44399999999999995,
            0.4142222222222222,
            0.5102222222222222,
            0.4591111111111111,
            0.2472222222222222
          ]
        ]
      },
      "metric_ii": {
        "vopd": 0.08693552111960473,
        "mixed": false,
        "support": {
          "adv": {
            "dba": 0.99
          },
          "srv": {
            "fedavg": 0.763,
            "norm_clip": 0.237
          }
        },
        "U_A": [
          [
            0.0,
            0.0,
            0.0,
            0.0,
            0.0
          ],
          [
            0.06320000000000003,
            0.06320000000000003,
            0.06280000000000008,
            0.05790000000000007,
            0.09420000000000006
          ],
          [
            0.5579000000000001,
            0.04700000000000005,
            0.5187,
            0.5579000000000001,
            0.5579000000000001
          ],
          [
            0.44399999999999995,
            0.4142222222222222,
            0.5102222222222222,
            0.4591111111111111,
            0.2472222222222222
          ]
        ]
      }
    },
    {
      "seed": 46,
      "metric_i": {
        "vopd": 0.0,