{
  "policy": {
    "fedavg": 0.26,
    "norm_clip": 0.74
  },
  "seeds": [
    42,
    43,
    44,
    45,
    46,
    47,
    48,
    49,
    50,
    51,
    52,
    53,
    54,
    55,
    56
  ],
  "attacks": {
    "no_attack": {
      "realized_accuracy": {
        "mean": 0.7882066666666668,
        "std": 0.009786553132856434,
        "per_seed": [
          0.7994,
          0.8047,
          0.79,
          0.7944,
          0.7863,
          0.7844,
          0.7956,
          0.767,
          0.7891,
          0.7805,
          0.7876,
          0.8016,
          0.7818,
          0.7744,
          0.7863
        ]
      },
      "predicted_accuracy": {
        "mean": 0.5260933333333333,
        "std": 0.3720949116675595,
        "per_seed": [
          0.7994,
          0.8047,
          0.79,
          0.7944,
          0.7863,
          0.7844,
          0.7956,
          0.767,
          0.7891000000000001,
          0.7805,
          0.0,
          0.0,
          0.0,
          0.0,
          0.0
        ]
      },
      "realized_asr": {
        "mean": 0.0,
        "std": 0.0,
        "per_seed": [
          0.0,
          0.0,
          0.0,
          0.0,
          0.0,
          0.0,
          0.0,
          0.0,
          0.0,
          0.0,
          0.0,
          0.0,
          0.0,
          0.0,
          0.0
        ]
      },
      "predicted_asr": {
        "mean": 0.0,
        "std": 0.0,
        "per_seed": [
          0.0,
          0.0,
          0.0,
          0.0,
          0.0,
          0.0,
          0.0,
          0.0,
          0.0,
          0.0,
          0.0,
          0.0,
          0.0,
          0.0,
          0.0
        ]
      },
      "delta_accuracy": {
        "mean": 0.26211333333333336,
        "std": 0.3707199857334673
      },
      "delta_asr": {
        "mean": 0.0,
        "std": 0.0
      }
    },
    "model_scaling": {
      "realized_accuracy": {
        "mean": 0.6339400000000002,
        "std": 0.15674189314496195,
        "per_seed": [
          0.7319,
          0.6575,
          0.6682,
          0.362,
          0.7668,
          0.5502,
          0.7406,
          0.7246,
          0.6519,
          0.7464,
          0.7668,
          0.6793,
          0.1913,
          0.7078,
          0.5638
        ]
      },
      "predicted_accuracy": {
        "mean": 0.3778712000000001,
        "std": 0.270391053534247,
        "per_seed": [
          0.603718,
          0.53845,
          0.5770780000000001,
          0.532604,
          0.601202,
          0.43485,
          0.601276,
          0.60172,
          0.5748580000000001,
          0.6023120000000001,
          0.0,
          0.0,
          0.0,
          0.0,
          0.0
        ]
      },
      "realized_asr": {
        "mean": 0.9564592592592595,
        "std": 0.06947811174012963,
        "per_seed": [
          0.9715555555555555,
          0.9852222222222222,
          0.9672222222222222,
          0.7,
          0.9798888888888889,
          0.9836666666666667,
          0.984,
          0.9645555555555556,
          0.9696666666666667,
          0.9656666666666667,
          0.9663333333333334,
          0.952,
          0.9951111111111111,
          0.9927777777777778,
          0.9692222222222222
        ]
      },
      "predicted_asr": {
        "mean": 0.5565392592592592,
        "std": 0.40595069499532566,
        "per_seed": [
          0.6932155555555556,
          0.9714688888888889,
          0.9340577777777778,
          0.9249311111111111,
          0.9743466666666667,
          0.7224866666666667,
          0.7218288888888889,
          0.9730311111111112,
          0.7265155555555556,
          0.7062066666666666,
          0.0,
          0.0,
          0.0,
          0.0,
          0.0
        ]
      },
      "delta_accuracy": {
        "mean": 0.2560688,
        "std": 0.2697230096859122
      },
      "delta_asr": {
        "mean": 0.39991999999999994,
        "std": 0.42810893903073866
      }
    },
    "backdoor_pixel": {
      "realized_accuracy": {
        "mean": 0.7790333333333334,
        "std": 0.01456116600947725,
        "per_seed": [
          0.7875,
          0.8036,
          0.7962,
          0.7788,
          0.7806,
          0.7764,
          0.7884,
          0.7655,
          0.7685,
          0.7751,
          0.7782,
          0.7911,
          0.7447,
          0.7604,
          0.7905
        ]
      },
      "predicted_accuracy": {
        "mean": 0.5213300000000001,
        "std": 0.36875301029279745,
        "per_seed": [
          0.7875,
          0.8036,
          0.7962,
          0.7788,
          0.7806,
          0.7764,
          0.7884,
          0.7654999999999998,
          0.7685,
          0.7744500000000001,
          0.0,
          0.0,
          0.0,
          0.0,
          0.0
        ]
      },
      "realized_asr": {
        "mean": 0.8220444444444445,
        "std": 0.06961717540313678,
        "per_seed": [
          0.8374444444444444,
          0.6931111111111111,
          0.7735555555555556,
          0.9206666666666666,
          0.8051111111111111,
          0.8353333333333334,
          0.9343333333333333,
          0.8047777777777778,
          0.8533333333333334,
          0.7844444444444445,
          0.7082222222222222,
          0.9111111111111111,
          0.7838888888888889,
          0.8916666666666667,
          0.7936666666666666
        ]
      },
      "predicted_asr": {
        "mean": 0.5496031111111112,
        "std": 0.39242670933106927,
        "per_seed": [
          0.8374444444444444,
          0.6931111111111111,
          0.7735555555555556,
          0.9206666666666666,
          0.8051111111111111,
          0.8353333333333335,
          0.9343333333333335,
          0.8047777777777778,
          0.8533333333333334,
          0.7863800000000001,
          0.0,
          0.0,
          0.0,
          0.0,
          0.0
        ]
      },
      "delta_accuracy": {
        "mean": 0.25770333333333334,
        "std": 0.364503886795311
      },
      "delta_asr": {
        "mean": 0.2724413333333333,
        "std": 0.3879690477287956
      }
    }
  }
}