{
  "nash_equilibria": [
    {
      "adversary_strategy": [
        0.0,
        0.0,
        1.0,
        0.0,
        0.0,
        0.0
      ],
      "server_strategy": [
        0.0,
        0.0,
        0.0,
        0.0,
        0.0,
        1.0,
        0.0
      ],
      "adversary_utility": 0.9763483950728964,
      "server_utility": 0.7956987721820084,
      "value_of_information": 0.0
    }
  ],
  "stackelberg": {
    "server_strategy": [
      -0.0,
      0.0,
      0.0,
      0.0,
      0.0,
      1.0,
      0.0
    ],
    "adversary_strategy": [
      0.0,
      0.0,
      1.0,
      0.0,
      0.0,
      0.0
    ],
    "server_utility": 0.7956987721820084,
    "adversary_utility": 0.9763483950728964
  },
  "fictitious_play": {
    "adversary_strategy": [
      2e-05,
      0.0,
      0.99998,
      0.0,
      0.0,
      0.0
    ],
    "server_strategy": [
      2e-05,
      0.0,
      0.0,
      0.0,
      0.0,
      0.99998,
      0.0
    ],
    "convergence": [
      0.9666868704282807,
      0.9714936123347371,
      0.9731064999292551,
      0.9739149536986905,
      0.9744006710761062,
      0.9747247519062857,
      0.9749563702297894,
      0.9751301562228443,
      0.975265365945146,
      0.975373560722989,
      0.9754621015803598,
      0.9755358979084803,
      0.9755983496771088,
      0.9756518861290655,
      0.9756982891404246,
      0.975738895396332,
      0.9757747272525791,
      0.975806580000858,
      0.9758350815910574,
      0.9758607344458167,
      0.9758839453337493,
      0.9759050470991228,
      0.9759243147253873,
      0.9759419773844962,
      0.9759582275955433,
      0.9759732282706807,
      0.9759871181958581,
      0.9760000163375356,
      0.9760120252586588,
      0.9760232338516691,
      0.9760337195427115,
      0.9760435500826854,
      0.9760527850127456,
      0.9760614768712645,
      0.9760696721939428,
      0.9760774123472826,
      0.9760847342269398,
      0.9760916708458379,
      0.9760982518318277,
      0.9761045038507143,
      0.976110450967395,
      0.9761161149554176,
      0.9761215155633542,
      0.9761266707448597,
      0.9761315968580632,
      0.9761363088389563,
      0.9761408203526531,
      0.9761451439257457,
      0.9761492910624543,
      0.9761532723468467,
      0.9761570975330298,
      0.9761607756249393,
      0.9761643149470961,
      0.9761677232075044,
      0.9761710075536881,
      0.9761741746227243,
      0.9761772305860129,
      0.9761801811894123,
      0.9761830317892981,
      0.9761857873850127,
      0.9761884526481274,
      0.9761910319488697,
      0.9761935293800369,
      0.976195948778666,
      0.9761982937457049,
      0.9762005676638955,
      0.9762027737140553,
      0.9762049148899217,
      0.9762069940117082,
      0.9762090137384951,
      0.9762109765795776,
      0.9762128849048638,
      0.9762147409544231,
      0.9762165468472546,
      0.9762183045893603,
      0.9762200160811773,
      0.9762216831244307,
      0.9762233074284615,
      0.9762248906160731,
      0.9762264342289386,
      0.9762279397326082,
      0.9762294085211513,
      0.9762308419214606,
      0.9762322411972512,
      0.9762336075527765,
      0.9762349421362843,
      0.9762362460432354,
      0.9762375203193031,
      0.9762387659631688,
      0.9762399839291331,
      0.9762411751295546,
      0.9762423404371275,
      0.9762434806870155,
      0.9762445966788468,
      0.9762456891785846,
      0.9762467589202806,
      0.976247806607719,
      0.9762488329159615,
      0.9762498384927972,
      0.976250823960106,
      0.9762517899151414,
      0.976252736931738,
      0.9762536655614467,
      0.9762545763346077,
      0.9762554697613598,
      0.9762563463325926,
      0.9762572065208466,
      0.9762580507811625,
      0.9762588795518836,
      0.9762596932554153,
      0.9762604922989419,
      0.9762612770751073,
      0.9762620479626578,
      0.9762628053270506,
      0.9762635495210332,
      0.9762642808851908,
      0.9762649997484647,
      0.9762657064286473,
      0.9762664012328492,
      0.976267084457946,
      0.9762677563909982,
      0.976268417309657,
      0.9762690674825439,
      0.9762697071696167,
      0.9762703366225147,
      0.976270956084889,
      0.9762715657927181,
      0.9762721659746063,
      0.9762727568520697,
      0.9762733386398095,
      0.9762739115459713,
      0.9762744757723938,
      0.9762750315148462,
      0.9762755789632535,
      0.9762761183019146,
      0.9762766497097076,
      0.9762771733602885,
      0.9762776894222802,
      0.9762781980594532,
      0.9762786994308995,
      0.9762791936911983,
      0.9762796809905743,
      0.9762801614750509,
      0.976280635286595,
      0.9762811025632578,
      0.9762815634393087,
      0.9762820180453635,
      0.9762824665085078,
      0.9762829089524168,
      0.9762833454974663,
      0.976283776260845,
      0.976284201356657,
      0.9762846208960243,
      0.9762850349871816,
      0.9762854437355719,
      0.9762858472439339,
      0.9762862456123891,
      0.9762866389385247,
      0.9762870273174729,
      0.9762874108419872,
      0.9762877896025176,
      0.9762881636872806,
      0.9762885331823279,
      0.9762888981716125,
      0.9762892587370527,
      0.9762896149585925,
      0.9762899669142613,
      0.9762903146802309,
      0.9762906583308703,
      0.9762909979387986,
      0.9762913335749366,
      0.9762916653085556,
      0.9762919932073254,
      0.9762923173373602,
      0.9762926377632634,
      0.9762929545481699,
      0.9762932677537879,
      0.9762935774404393,
      0.9762938836670979,
      0.9762941864914271,
      0.9762944859698156,
      0.9762947821574136,
      0.9762950751081655,
      0.9762953648748431,
      0.9762956515090772,
      0.9762959350613883,
      0.9762962155812163,
      0.9762964931169495,
      0.9762967677159522,
      0.9762970394245909,
      0.9762973082882618,
      0.9762975743514154,
      0.9762978376575804,
      0.9762980982493888,
      0.976298356168598,
      0.9762986114561125,
      0.976298864152007,
      0.9762991142955466,
      0.976299361925207,
      0.9762996070786943,
      0.9762998497929651,
      0.9763000901042431,
      0.9763003280480389,
      0.9763005636591665,
      0.9763007969717611,
      0.9763010280192949,
      0.9763012568345929,
      0.9763014834498498,
      0.9763017078966431,
      0.9763019302059497,
      0.9763021504081589,
      0.9763023685330867,
      0.9763025846099892,
      0.9763027986675756,
      0.9763030107340214,
      0.9763032208369798,
      0.9763034290035946,
      0.9763036352605114,
      0.9763038396338894,
      0.976304042149412,
      0.9763042428322978,
      0.9763044417073111,
      0.9763046387987719,
      0.976304834130566,
      0.9763050277261546,
      0.9763052196085839,
      0.9763054098004932,
      0.9763055983241257,
      0.9763057852013354,
      0.9763059704535968,
      0.9763061541020116,
      0.9763063361673184,
      0.9763065166699003,
      0.9763066956297908,
      0.9763068730666832,
      0.9763070489999369,
      0.9763072234485843,
      0.9763073964313383,
      0.9763075679665983,
      0.9763077380724575,
      0.9763079067667081,
      0.9763080740668493,
      0.9763082399900909,
      0.9763084045533617,
      0.9763085677733137,
      0.9763087296663281,
      0.9763088902485211,
      0.9763090495357483,
      0.9763092075436116,
      0.9763093642874625,
      0.976309519782408,
      0.9763096740433157,
      0.9763098270848176,
      0.9763099789213159,
      0.9763101295669863,
      0.9763102790357834,
      0.9763104273414445,
      0.9763105744974935,
      0.9763107205172467,
      0.9763108654138138,
      0.9763110092001052,
      0.976311151888833,
      0.9763112934925167,
      0.9763114340234857,
      0.9763115734938839,
      0.9763117119156715,
      0.9763118493006309,
      0.9763119856603674,
      0.9763121210063147,
      0.9763122553497365,
