{
  "no_attack_fedavg": {
    "accuracy": 0.8373838363866132,
    "worst_class_accuracy": 0.027896995708154505,
    "attack_success_rate": 0.0,
    "accuracy_std": 0.006730947675173982,
    "attack": "no_attack",
    "defense": "fedavg"
  },
  "no_attack_krum": {
    "accuracy": 0.7564454149222423,
    "worst_class_accuracy": 0.0008333333333333334,
    "attack_success_rate": 0.0,
    "accuracy_std": 0.020142947939893515,
    "attack": "no_attack",
    "defense": "krum"
  },
  "no_attack_multi_krum": {
    "accuracy": 0.8366502468700658,
    "worst_class_accuracy": 0.026466380543633764,
    "attack_success_rate": 0.0,
    "accuracy_std": 0.006782048666418804,
    "attack": "no_attack",
    "defense": "multi_krum"
  },
  "no_attack_trimmed_mean": {
    "accuracy": 0.8383065544503953,
    "worst_class_accuracy": 0.024320457796852647,
    "attack_success_rate": 0.0,
    "accuracy_std": 0.0061840923780826645,
    "attack": "no_attack",
    "defense": "trimmed_mean"
  },
  "no_attack_coord_median": {
    "accuracy": 0.8348621224234818,
    "worst_class_accuracy": 0.022889842632331903,
    "attack_success_rate": 0.0,
    "accuracy_std": 0.009757149156373714,
    "attack": "no_attack",
    "defense": "coord_median"
  },
  "no_attack_norm_clip": {
    "accuracy": 0.8409543541116834,
    "worst_class_accuracy": 0.031473533619456366,
    "attack_success_rate": 0.0,
    "accuracy_std": 0.006853217845617185,
    "attack": "no_attack",
    "defense": "norm_clip"
  },
  "no_attack_rfa": {
    "accuracy": 0.8369912513718983,
    "worst_class_accuracy": 0.027181688125894138,
    "attack_success_rate": 0.0,
    "accuracy_std": 0.006026048681445901,
    "attack": "no_attack",
    "defense": "rfa"
  },
  "label_flip_fedavg": {
    "accuracy": 0.8323404084603504,
    "worst_class_accuracy": 0.0355335664706194,
    "attack_success_rate": 0.0,
    "accuracy_std": 0.0067408343921823485,
    "attack": "label_flip",
    "defense": "fedavg"
  },
  "label_flip_krum": {
    "accuracy": 0.7577377933283472,
    "worst_class_accuracy": 0.002087823275862069,
    "attack_success_rate": 0.0,
    "accuracy_std": 0.02233440987445645,
    "attack": "label_flip",
    "defense": "krum"
  },
  "label_flip_multi_krum": {
    "accuracy": 0.8330080895437705,
    "worst_class_accuracy": 0.034334763948497854,
    "attack_success_rate": 0.0,
    "accuracy_std": 0.006569722510328678,
    "attack": "label_flip",
    "defense": "multi_krum"
  },
  "label_flip_trimmed_mean": {
    "accuracy": 0.8343835698872967,
    "worst_class_accuracy": 0.024320457796852647,
    "attack_success_rate": 0.0,
    "accuracy_std": 0.005874322890876053,
    "attack": "label_flip",
    "defense": "trimmed_mean"
  },
  "label_flip_coord_median": {
    "accuracy": 0.8336241901143082,
    "worst_class_accuracy": 0.028086871405047422,
    "attack_success_rate": 0.0,
    "accuracy_std": 0.007561286479345579,
    "attack": "label_flip",
    "defense": "coord_median"
  },
  "label_flip_norm_clip": {
    "accuracy": 0.8365499514283504,
    "worst_class_accuracy": 0.03266683447507312,
    "attack_success_rate": 0.0,
    "accuracy_std": 0.006087403031217744,
    "attack": "label_flip",
    "defense": "norm_clip"
  },
  "label_flip_rfa": {
    "accuracy": 0.8324149136456248,
    "worst_class_accuracy": 0.036480686695278965,
    "attack_success_rate": 0.0,
    "accuracy_std": 0.006070272957362499,
    "attack": "label_flip",
    "defense": "rfa"
  },
  "backdoor_pixel_fedavg": {
    "accuracy": 0.8355326690909508,
    "worst_class_accuracy": 0.03004291845493562,
    "attack_success_rate": 0.9968881450992808,
    "accuracy_std": 0.006862859024782537,
    "attack": "backdoor_pixel",
    "defense": "fedavg"
  },
  "backdoor_pixel_krum": {
    "accuracy": 0.7626837913969435,
    "worst_class_accuracy": 0.003003637101711173,
    "attack_success_rate": 0.660096190088501,
    "accuracy_std": 0.0168850809438198,
    "attack": "backdoor_pixel",
    "defense": "krum"
  },
  "backdoor_pixel_multi_krum": {
    "accuracy": 0.8363751508013606,
    "worst_class_accuracy": 0.03252112367127934,
    "attack_success_rate": 0.9970298671732477,
    "accuracy_std": 0.007309215748811209,
    "attack": "backdoor_pixel",
    "defense": "multi_krum"
  },
  "backdoor_pixel_trimmed_mean": {
    "accuracy": 0.8364038066418508,
    "worst_class_accuracy": 0.020743919885550785,
    "attack_success_rate": 0.9881918374116121,
    "accuracy_std": 0.007275686863134116,
    "attack": "backdoor_pixel",
    "defense": "trimmed_mean"
  },
  "backdoor_pixel_coord_median": {
    "accuracy": 0.8363207047044293,
    "worst_class_accuracy": 0.021098262067503842,
    "attack_success_rate": 0.6091787658118112,
    "accuracy_std": 0.006972958215983243,
    "attack": "backdoor_pixel",
    "defense": "coord_median"
  },
  "backdoor_pixel_norm_clip": {
    "accuracy": 0.8395158309190788,
    "worst_class_accuracy": 0.023174656177671272,
    "attack_success_rate": 0.9963483950728964,
    "accuracy_std": 0.006946370790388914,
    "attack": "backdoor_pixel",
    "defense": "norm_clip"
  },
  "backdoor_pixel_rfa": {
    "accuracy": 0.8369711922835553,
    "worst_class_accuracy": 0.024956286758861867,
    "attack_success_rate": 0.9977806926289444,
    "accuracy_std": 0.007296210302650885,
    "attack": "backdoor_pixel",
    "defense": "rfa"
  },
  "backdoor_edge_case_fedavg": {
    "accuracy": 0.8370800844774178,
    "worst_class_accuracy": 0.02737156382278705,
    "attack_success_rate": 0.0,
    "accuracy_std": 0.007068650664862007,
    "attack": "backdoor_edge_case",
    "defense": "fedavg"
  },
  "backdoor_edge_case_krum": {
    "accuracy": 0.7637125360705391,
    "worst_class_accuracy": 0.0,
    "attack_success_rate": 0.0,
    "accuracy_std": 0.017804195858492168,
    "attack": "backdoor_edge_case",
    "defense": "krum"
  },
  "backdoor_edge_case_multi_krum": {
    "accuracy": 0.8372405571841625,
    "worst_class_accuracy": 0.025751072961373387,
    "attack_success_rate": 0.0,
    "accuracy_std": 0.006977743644025358,
    "attack": "backdoor_edge_case",
    "defense": "multi_krum"
  },
  "backdoor_edge_case_trimmed_mean": {
    "accuracy": 0.8364238657301938,
    "worst_class_accuracy": 0.028612303290414875,
    "attack_success_rate": 0.0,
    "accuracy_std": 0.007787858245748493,
    "attack": "backdoor_edge_case",
    "defense": "trimmed_mean"
  },
  "backdoor_edge_case_coord_median": {
    "accuracy": 0.8353034223670298,
    "worst_class_accuracy": 0.02074391988555079,
    "attack_success_rate": 0.0,
    "accuracy_std": 0.008086578672152659,
    "attack": "backdoor_edge_case",
    "defense": "coord_median"
  },
  "backdoor_edge_case_norm_clip": {
    "accuracy": 0.8390487407190896,
    "worst_class_accuracy": 0.0209337955824437,
    "attack_success_rate": 0.0,
    "accuracy_std": 0.0068179176261126415,
    "attack": "backdoor_edge_case",
    "defense": "norm_clip"
  },
  "backdoor_edge_case_rfa": {
    "accuracy": 0.8364496559866349,
    "worst_class_accuracy": 0.023605150214592276,
    "attack_success_rate": 0.0,
    "accuracy_std": 0.006966878989863878,
    "attack": "backdoor_edge_case",
    "defense": "rfa"
  },
  "model_scaling_fedavg": {
    "accuracy": 0.04092627138800294,
    "worst_class_accuracy": 0.0,
    "attack_success_rate": 0.3333333333333333,
    "accuracy_std": 0.013546027111141473,
    "attack": "model_scaling",
    "defense": "fedavg"
  },
  "model_scaling_krum": {
    "accuracy": 0.7670795973281295,
    "worst_class_accuracy": 0.0014367816091954023,
    "attack_success_rate": 0.026978455229393763,
    "accuracy_std": 0.019840540364333432,
    "attack": "model_scaling",
    "defense": "krum"
  },
  "model_scaling_multi_krum": {
    "accuracy": 0.04092627138800294,
    "worst_class_accuracy": 0.0,
    "attack_success_rate": 0.3333333333333333,
    "accuracy_std": 0.013546027111141473,
    "attack": "model_scaling",
    "defense": "multi_krum"
  },
  "model_scaling_trimmed_mean": {
    "accuracy": 0.8158289131699377,