{
  "nash_equilibria": [
    {
      "adversary_strategy": [
        0.0,
        0.0,
        1.0,
        0.0,
        0.0,
        0.0
      ],
      "server_strategy": [
        1.0,
        0.0,
        0.0,
        0.0,
        0.0,
        0.0,
        0.0
      ],
      "adversary_utility": 0.7480370370370371,
      "server_utility": 0.7814616666666666,
      "value_of_information": 0.0
    },
    {
      "adversary_strategy": [
        0.0,
        0.0,
        0.0,
        0.0,
        1.0,
        0.0
      ],
      "server_strategy": [
        0.0,
        0.0,
        0.0,
        0.0,
        0.0,
        0.0,
        1.0
      ],
      "adversary_utility": 0.8397777777777777,
      "server_utility": 0.760345,
      "value_of_information": 0.0
    },
    {
      "adversary_strategy": [
        0.0,
        0.0,
        0.9951758276805648,
        0.0,
        0.004824172319435254,
        0.0
      ],
      "server_strategy": [
        0.5870639934084041,
        0.0,
        0.0,
        0.0,
        0.0,
        0.4129360065915959,
        0.0
      ],
      "adversary_utility": 0.7480370370370371,
      "server_utility": 0.7781500572959799,
      "value_of_information": 0.06538153437700267
    }
  ],
  "stackelberg": {
    "server_strategy": [
      1.0,
      0.0,
      0.0,
      0.0,
      0.0,
      -0.0,
      0.0
    ],
    "adversary_strategy": [
      0.0,
      0.0,
      1.0,
      0.0,
      0.0,
      0.0
    ],
    "server_utility": 0.7814616666666666,
    "adversary_utility": 0.7480370370370371
  },
  "fictitious_play": {
    "adversary_strategy": [
      2e-05,
      0.0,
      0.99998,
      0.0,
      0.0,
      0.0
    ],
    "server_strategy": [
      1.0,
      0.0,
      0.0,
      0.0,
      0.0,
      0.0,
      0.0
    ],
    "convergence": [
      0.7406307297396406,
      0.7443154597383453,
      0.7455518641565153,
      0.7461716080169946,
      0.7465439491387595,
      0.7467923830652616,
      0.7469699371268558,
      0.7471031580894253,
      0.7472068072512024,
      0.7472897472897473,
      0.7473576210179298,
      0.7474141918771394,
      0.7474620662168703,
      0.7475031062468607,
      0.7475386779184248,
      0.7475698059083443,
      0.7475972739347225,
      0.7476216916527855,
      0.7476435404368071,
      0.7476632054343199,
      0.7476809984663387,
      0.7476971746849076,
      0.7477119448870861,
      0.7477254847517238,
      0.747737941860293,
      0.7477494410981531,
      0.7477600888559792,
      0.7477699763312045,
      0.7477791821466416,
      0.7477877744455552,
      0.7477958125813656,
      0.7478033484906338,
      0.7478104278164865,
      0.7478170908338506,
      0.7478233732161181,
      0.747829306674072,
      0.7478349194912286,
      0.7478402369746753,
      0.7478452818365662,
      0.7478500745184075,
      0.7478546334678985,
      0.7478589753762331,
      0.747863115382297,
      0.7478670672490259,
      0.7478708435162557,
      0.7478744556336384,
      0.7478779140765952,
      0.7478812284477772,
      0.7478844075661052,
      0.747887459545128,
      0.7478903918621621,
      0.7478932114194564,
      0.7478959245984336,
      0.7478985373079059,
      0.7479010550270322,
      0.747903482843672,
      0.7479058254887057,
      0.7479080873668014,
      0.7479102725840567,
      0.7479123849728749,
      0.7479144281143953,
      0.7479164053587534,
      0.7479183198434111,
      0.7479201745097699,
      0.7479219721182496,
      0.7479237152619973,
      0.7479254063793684,
      0.7479270477653068,
      0.7479286415817353,
      0.7479301898670561,
      0.7479316945448476,
      0.7479331574318382,
      0.7479345802452226,
      0.7479359646093872,
      0.7479373120620955,
      0.7479386240601871,
      0.7479399019848313,
      0.7479411471463773,
      0.7479423607888359,
      0.7479435440940253,
      0.7479446981854092,
      0.7479458241316551,
      0.7479469229499347,
      0.7479479956089884,
      0.7479490430319745,
      0.7479500660991186,
      0.7479510656501808,
      0.7479520424867545,
      0.7479529973744107,
      0.7479539310446988,
      0.7479548441970154,
      0.7479557375003523,
      0.7479566115949301,
      0.7479574670937292,
      0.747958304583923,
      0.7479591246282216,
      0.7479599277661333,
      0.7479607145151478,
      0.7479614853718479,
      0.7479622408129557,
      0.7479629812963147,
      0.7479637072618154,
      0.747964419132267,
      0.7479651173142183,
      0.7479658021987324,
      0.7479664741621161,
      0.7479671335666103,
      0.7479677807610406,
      0.7479684160814333,
      0.747969039851596,
      0.7479696523836691,
      0.7479702539786461,
      0.7479708449268666,
      0.7479714255084837,
      0.7479719959939071,
      0.7479725566442229,
      0.7479731077115916,
      0.7479736494396269,
      0.7479741820637543,
      0.7479747058115528,
      0.7479752209030781,
      0.7479757275511723,
      0.7479762259617556,
      0.7479767163341069,
      0.7479771988611282,
      0.7479776737295982,
      0.7479781411204134,
      0.7479786012088177,
      0.7479790541646212,
      0.74797950015241,
      0.7479799393317446,
      0.7479803718573509,
      0.7479807978793018,
      0.7479812175431906,
      0.747981630990297,
      0.747982038357746,
      0.7479824397786591,
      0.7479828353822993,
      0.7479832252942101,
      0.7479836096363487,
      0.7479839885272124,
      0.7479843620819608,
      0.7479847304125327,
      0.7479850936277573,
      0.7479854518334623,
      0.747985805132576,
      0.7479861536252258,
      0.7479864974088337,
      0.7479868365782063,
      0.747987171225622,
      0.7479875014409152,
      0.747987827311556,
      0.7479881489227285,
      0.7479884663574035,
      0.7479887796964114,
      0.7479890890185102,
      0.747989394400451,
      0.7479896959170423,
      0.7479899936412105,
      0.7479902876440593,
      0.7479905779949256,
      0.7479908647614345,
      0.7479911480095518,
      0.7479914278036344,
      0.7479917042064791,
      0.7479919772793696,
      0.747992247082122,
      0.7479925136731279,
      0.7479927771093974,
      0.747993037446599,
      0.747993294739099,
      0.7479935490399998,
      0.7479938004011757,
      0.7479940488733087,
      0.7479942945059224,
      0.7479945373474151,
      0.747994777445091,
      0.7479950148451918,
      0.7479952495929257,
      0.7479954817324964,
      0.7479957113071306,
      0.7479959383591053,
      0.7479961629297731,
      0.7479963850595882,
      0.7479966047881296,
      0.7479968221541256,
      0.7479970371954758,
      0.7479972499492737,
      0.747997460451828,
      0.7479976687386825,
      0.7479978748446368,
      0.747998078803766,
      0.7479982806494386,
      0.7479984804143353,
      0.7479986781304663,
      0.7479988738291886,
      0.7479990675412228,
      0.7479992592966686,
      0.7479994491250207,
      0.7479996370551842,
      0.747999823115489,
      0.7480000073337038,
      0.7480001897370501,
      0.7480003703522159,
      0.7480005492053685,
      0.7480007263221671,
      0.7480009017277749,
      0.7480010754468713,
      0.7480012475036637,
      0.7480014179218979,
      0.74800158672487,
      0.7480017539354363,
      0.7480019195760241,
      0.7480020836686413,
      0.7480022462348865,
      0.7480024072959586,
      0.7480025668726651,
      0.7480027249854322,
      0.7480028816543131,
      0.7480030368989962,
      0.7480031907388136,
      0.7480033431927491,
      0.748003494279446,
      0.7480036440172149,
      0.7480037924240404,
      0.7480039395175894,
      0.748004085315217,
      0.7480042298339742,
      0.7480043730906138,
      0.7480045151015979,
      0.7480046558831027,
      0.7480047954510262,
      0.7480049338209932,
      0.7480050710083614,
      0.7480052070282274,
      0.7480053418954313,
      0.7480054756245634,
      0.7480056082299686,
