{
  "baseline": {
    "vopd": 0.08738720834252744,
    "mixed": true
  },
  "bootstrap": {
    "pct_mixed_ne": 97.8,
    "pct_vopd_positive": 97.8,
    "median_vopd": 0.08496181319471985,
    "q25_vopd": 0.07160835299147267,
    "q75_vopd": 0.09570374170106538,
    "mean_vopd": 0.0808699532251723
  },
  "noise": {
    "0.01": {
      "pct_mixed_ne": 65.0,
      "pct_vopd_positive": 65.0,
      "median_vopd": 0.06985304138941317,
      "q25_vopd": 0.0,
      "q75_vopd": 0.0888699481181742
    },
    "0.02": {
      "pct_mixed_ne": 60.6,
      "pct_vopd_positive": 60.4,
      "median_vopd": 0.021447210688514462,
      "q25_vopd": 0.0,
      "q75_vopd": 0.08214457817637749
    },
    "0.05": {
      "pct_mixed_ne": 55.8,
      "pct_vopd_positive": 55.800000000000004,
      "median_vopd": 0.013408867385425738,
      "q25_vopd": 0.0,
      "q75_vopd": 0.06502856941371712
    }
  }
}