{
  "seeds": [
    42,
    43,
    44,
    45,
    46,
    47,
    48,
    49,
    50,
    51
  ],
  "vopds": [
    0.08081429644565685,
    0.0,
    0.0,
    0.021946695874406674,
    0.0,
    0.11347884288145216,
    0.0,
    0.0,
    0.009504170261719791,
    0.13330846939823382
  ],
  "mixed_count": 5,
  "n_seeds": 10,
  "pct_mixed": 50.0
}