{
  "nash_equilibria": [
    {
      "adversary_strategy": [
        0.0,
        1.0,
        0.0
      ],
      "server_strategy": [
        1.0,
        0.0,
        0.0
      ],
      "adversary_utility": 0.7754444444444444,
      "server_utility": 0.27759,
      "value_of_information": 0.0
    }
  ],
  "stackelberg": {
    "server_strategy": [
      1.0,
      -0.0,
      0.0
    ],
    "adversary_strategy": [
      0.0,
      1.0,
      0.0
    ],
    "server_utility": 0.27759,
    "adversary_utility": 0.7754444444444444
  },
  "fictitious_play": {
    "adversary_strategy": [
      2e-05,
      0.99998,
      0.0
    ],
    "server_strategy": [
      1.0,
      0.0,
      0.0
    ],
    "convergence": [
      0.7677667766776677,
      0.7715865118850193,
      0.7728682170542635,
      0.7735106677750069,
      0.77389665114216,
      0.7741541874653355,
      0.7743382469488033,
      0.7744763490081842,
      0.7745837957824638,
      0.7746697746697746,
      0.7747401352305984,
      0.7747987787954481,
      0.7748484072081304,
      0.7748909509080815,
      0.7749278258938485,
      0.7749600943854534,
      0.7749885688157293,
      0.7750138811771238,
      0.7750365304810333,
      0.7750569159864512,
      0.7750753609392352,
      0.7750921298399717,
      0.7751074412091361,
      0.7751214771622934,
      0.7751343906881691,
      0.7751463112478106,
      0.7751573491299517,
      0.7751675988734181,
      0.7751771419816921,
      0.7751860490947461,
      0.775194381740657,
      0.7752021937588948,
      0.7752095324649095,
      0.7752164396092651,
      0.7752229521723951,
      0.7752291030269369,
      0.7752349214926896,
      0.7752404338039696,
      0.7752456635050841,
      0.7752506317864978,
      0.7752553577718171,
      0.7752598587637863,
      0.7752641504559662,
      0.7752682471155544,
      0.7752721617418351,
      0.7752759062039652,
      0.775279491361176,
      0.7752829271679511,
      0.7752862227663289,
      0.775289386567131,
      0.7752924263216362,
      0.7752953491849858,
      0.7752981617724118,
      0.7753008702092204,
      0.7753034801753216,
      0.7753059969449899,
      0.7753084254224404,
      0.7753107701737247,
      0.7753130354553842,
      0.7753152252402377,
      0.7753173432406344,
      0.7753193929294557,
      0.7753213775591176,
      0.7753233001787915,
      0.7753251636500367,
      0.7753269706610109,
      0.7753287237394086,
      0.7753304252642584,
      0.7753320774766941,
      0.7753336824898029,
      0.7753352422976418,
      0.7753367587835022,
      0.7753382337274954,
      0.7753396688135237,
      0.7753410656356929,
      0.7753424257042202,
      0.7753437504508793,
      0.7753450412340298,
      0.7753462993432617,
      0.7753475260036939,
      0.775348722379953,
      0.7753498895798614,
      0.7753510286578591,
      0.7753521406181803,
      0.775353226417807,
      0.7753542869692154,
      0.7753553231429338,
      0.775356335769925,
      0.7753573256438102,
      0.7753582935229418,
      0.7753592401323419,
      0.7753601661655133,
      0.775361072286134,
      0.7753619591296433,
      0.775362827304728,
      0.7753636773947157,
      0.7753645099588816,
      0.7753653255336757,
      0.7753661246338752,
      0.775366907753669,
      0.7753676753676753,
      0.7753684279319021,
      0.7753691658846498,
      0.7753698896473629,
      0.7753705996254324,
      0.775371296208953,
      0.7753719797734375,
      0.7753726506804925,
      0.7753733092784556,
      0.7753739559029986,
      0.7753745908776987,
      0.775375214514577,
      0.7753758271146113,
      0.7753764289682191,
      0.7753770203557178,
      0.7753776015477593,
      0.7753781728057431,
      0.7753787343822086,
      0.7753792865212072,
      0.7753798294586561,
      0.7753803634226739,
      0.7753808886339006,
      0.7753814053058017,
      0.7753819136449569,
      0.7753824138513363,
      0.775382906118562,
      0.7753833906341582,
      0.7753838675797897,
      0.7753843371314885,
      0.7753847994598706,
      0.7753852547303428,
      0.7753857031033002,
      0.775386144734314,
      0.7753865797743119,
      0.7753870083697504,
      0.775387430662778,
      0.7753878467913939,
      0.7753882568895973,
      0.7753886610875316,
      0.7753890595116221,
      0.7753894522847078,
      0.7753898395261679,
      0.7753902213520422,
      0.7753905978751475,
      0.7753909692051889,
      0.7753913354488657,
      0.7753916967099743,
      0.7753920530895059,
      0.7753924046857407,
      0.7753927515943381,
      0.7753930939084239,
      0.7753934317186734,
      0.7753937651133913,
      0.7753940941785886,
      0.7753944189980574,
      0.775394739653441,
      0.7753950562243027,
      0.7753953687881919,
      0.7753956774207073,
      0.7753959821955572,
      0.7753962831846193,
      0.7753965804579963,
      0.7753968740840711,
      0.7753971641295584,
      0.7753974506595559,
      0.7753977337375927,
      0.7753980134256764,
      0.7753982897843382,
      0.7753985628726767,
      0.7753988327484004,
      0.7753990994678672,
      0.7753993630861254,
      0.7753996236569498,
      0.7753998812328793,
      0.775400135865252,
      0.7754003876042396,
      0.7754006364988795,
      0.7754008825971075,
      0.7754011259457882,
      0.7754013665907449,
      0.7754016045767882,
      0.7754018399477439,
      0.7754020727464801,
      0.7754023030149327,
      0.7754025307941311,
      0.7754027561242227,
      0.7754029790444955,
      0.7754031995934022,
      0.7754034178085816,
      0.7754036337268798,
      0.7754038473843718,
      0.7754040588163811,
      0.7754042680574984,
      0.775404475141602,
      0.775404680101875,
      0.7754048829708234,
      0.775405083780293,
      0.7754052825614868,
      0.7754054793449798,
      0.7754056741607364,
      0.7754058670381241,
      0.7754060580059292,
      0.7754062470923709,
      0.7754064343251148,
      0.7754066197312868,
      0.7754068033374862,
      0.7754069851697984,
      0.7754071652538073,
      0.7754073436146064,
      0.7754075202768121,
      0.7754076952645741,
      0.7754078686015858,
      0.7754080403110964,
      0.7754082104159202,
      0.7754083789384472,
      0.7754085459006527,
      0.7754087113241068,
      0.7754088752299844,
      0.7754090376390728,
      0.775409198571782,
      0.7754093580481526,
      0.7754095160878639,
      0.7754096727102422,
      0.7754098279342687,
      0.7754099817785876,
      0.7754101342615125,
      0.7754102854010346,
      0.7754104352148297,
      0.7754105837202644,
      0.7754107309344038,
      0.775410876874017,
      0.7754110215555842,
      0.7754111649953029,
      0.7754113072090936,
      0.7754114482126055,
      0.7754115880212231,
      0.775411726650071,
      0.7754118641140194,
      0.7754120004276901,
      0.7754121356054609,
      0.7754122696614709,
      0.7754124026096259,
      0.7754125344636023,
      0.7754126652368527,
      0.77541279494261,
      0.7754129235938918,
      0.775413051203505,
      0.7754131777840498,
      0.7754133033479244,
      0.7754134279073281,
      0.775413551474266,
      0.7754136740605532,
      0.7754137956778168,
      0.775413916337502,
      0.7754140360508738,
      0.7754141548290213,
      0.7754142726828614,
      0.7754143896231411,
      0.7754145056604421,
      0.7754146208051826,
      0.7754147350676219,
      0.775414848457862,
      0.7754149609858518,
      0.7754150726613891,
      0.7754151834941239,
      0.7754152934935611,
      0.7754154026690635,
      0.7754155110298537,
      0.7754156185850174,
      0.7754157253435057,
      0.7754158313141376,
      0.7754159365056023,
      0.7754160409264618,
      0.775416144585153,
      0.7754162474899902,
      0.7754163496491672,
      0.7754164510707595,
      0.7754165517627263,
      0.7754166517329127,
      0.7754167509890519,
      0.7754168495387668,
