{
  "nash_equilibria": [
    {
      "adversary_strategy": [
        0.0,
        1.0,
        0.0
      ],
      "server_strategy": [
        0.0,
        1.0,
        0.0
      ],
      "adversary_utility": 0.9224444444444444,
      "server_utility": 0.44682,
      "value_of_information": 0.0
    },
    {
      "adversary_strategy": [
        0.0,
        0.3175408911449519,
        0.6824591088550481
      ],
      "server_strategy": [
        0.8791380387257962,
        0.12086196127420375,
        0.0
      ],
      "adversary_utility": 0.9264494066208618,
      "server_utility": 0.20479611393119,
      "value_of_information": 0.037802935665209314
    },
    {
      "adversary_strategy": [
        0.0,
        0.3140092329545453,
        0.6859907670454547
      ],
      "server_strategy": [
        0.19709543568464705,
        0.0,
        0.802904564315353
      ],
      "adversary_utility": 0.9634875518672199,
      "server_utility": 0.20357497247869313,
      "value_of_information": 0.008475103734439826
    }
  ],
  "stackelberg": {
    "server_strategy": [
      -0.0,
      1.0,
      0.0
    ],
    "adversary_strategy": [
      0.0,
      1.0,
      0.0
    ],
    "server_utility": 0.44682,
    "adversary_utility": 0.9224444444444444
  },
  "fictitious_play": {
    "adversary_strategy": [
      2e-05,
      0.3138,
      0.68618
    ],
    "server_strategy": [
      0.19706,
      0.0,
      0.80294
    ],
    "convergence": [
      0.9539417704146652,
      0.9586340794644798,
      0.9602959471872399,
      0.9610638200840376,
      0.9614942645204159,
      0.9617911156884332,
      0.9621038115736661,
      0.9622612937531788,
      0.9623960832491926,
      0.9625440865051255,
      0.9626434631440385,
      0.9627191224909024,
      0.9627760900399905,
      0.9628249677091281,
      0.9628674557475414,
      0.9628989966061968,
      0.9629322738189416,
      0.9629569836459881,
      0.9629620034725519,
      0.962956487939605,
      0.9630335598673464,
      0.963056610301253,
      0.9630598670230297,
      0.9630588574234102,
      0.9630640037911709,
      0.9630957306860999,
      0.9631413545784986,
      0.9631288508893923,
      0.9631100063110122,
      0.9631791776024305,
      0.9631611157046323,
      0.9631401442646381,
      0.9632023142201256,
      0.9631825958716772,
      0.9631999097676684,
      0.9632217061595123,
      0.9632052042411386,
      0.9632275154424139,
      0.9632402877393389,
      0.9632222784510487,
      0.9632659695290834,
      0.963252192951267,
      0.9632368390392814,
      0.9632812357529685,
      0.9632662162035202,
      0.9632533887320547,
      0.9632946723809894,
      0.9632837940086975,
      0.9632751097729744,
      0.9632786227308738,
      0.9633026518127205,
      0.9632942438532509,
      0.9632858905718382,
      0.9633164446987018,
      0.9633112062287696,
      0.963304684626727,
      0.9633012591775146,
      0.9633144653058261,
      0.963331712193749,
      0.9633280908649191,
      0.963324684164223,
      0.9633227082462001,
      0.9633193691096796,
      0.963332402838003,
      0.9633450879910566,
      0.9633416258743279,
      0.9633383065646483,
      0.9633362873928213,
      0.9633343023376064,
      0.9633435296375825,
      0.9633562107233213,
      0.9633529021962861,
      0.9633508663455816,
      0.9633476806545891,
      0.9633445098332286,
      0.9633609344489054,
      0.9633667440058846,
      0.9633635406176957,
      0.9633604305106688,
      0.9633573499763667,
      0.9633542993073081,
      0.9633747168458276,
      0.9633746978174124,
      0.9633706166452942,
      0.9633635410810346,
      0.9633757527989377,
      0.9633747818525695,
      0.9633649180579882,
      0.9633854892411932,
      0.963375793899871,
      0.9633632945230547,
      0.9633832768456008,
      0.9633720339245034,
      0.9633914240462358,
      0.9633794500260149,
      0.9633820281588734,
      0.9633864895802374,
      0.9633748373540161,
      0.9633932306972651,
      0.9633818461269561,
      0.9633989390161056,
      0.963389371615476,
      0.9633790556232926,
      0.963396560579276,
      0.9633856691802005,
      0.963402729640402,
      0.9633919774047457,
      0.9633901374645306,
      0.9633988031518413,
      0.9633883423514411,
      0.9634046165940382,
      0.9633951135182456,
      0.9633987237249988,
      0.9634016017763595,
      0.9633923001464726,
      0.9634078535453074,
      0.9633979859827193,
      0.9634080677939991,
      0.9634041605341557,
      0.9633952043057971,
      0.9634101050235147,
      0.9634013265311607,
      0.9634109777725063,
      0.9634072078929163,
      0.9633985768310228,
      0.9634128685498006,
      0.9634050922081518,
      0.9634122980148835,
      0.9634106870352172,
      0.9634023698342127,
      0.9634160809169209,
      0.9634079174702439,
      0.9634167971357055,
      0.9634132624009242,
      0.9634045835357778,
      0.963417784758585,
      0.9634092623612329,
      0.96342221566596,
      0.9634144071675591,
      0.9634109785604899,
      0.9634187627926352,
      0.9634117311726107,
      0.963424225671722,
      0.9634184736217586,
      0.9634133703493821,
      0.9634256082886676,
      0.963421719720264,
      0.9634184824134194,
      0.9634140885834547,
      0.9634259985232418,
      0.9634227986055846,
      0.9634207764387981,
      0.9634187680130246,
      0.9634201660754963,
      0.9634282976154981,
      0.9634257306980003,
      0.9634237584157381,
      0.9634223498441771,
      0.963420404291105,
      0.9634266424635984,
      0.963430103663305,
      0.9634276244258451,
      0.9634241135263212,
      0.9634222038983944,
      0.9634319380714234,
      0.9634284638397559,
      0.9634250251280357,
      0.9634262633507835,
      0.9634316235135101,
      0.963426712119666,
      0.9634268949058993,
      0.9634326640651523,
      0.9634288336846578,
      0.9634255138530083,
      0.9634356633513372,
      0.9634318676485889,
      0.9634286034476698,
      0.963428775890511,
      0.9634352801781082,
      0.9634315830285373,
      0.9634288610947284,
      0.9634338179947808,
      0.963436823816213,
      0.9634355453139677,
      0.9634338187817356,
      0.9634325689174192,
      0.9634303975169507,
      0.9634375061211053,
      0.963436256961966,
      0.9634313678972906,
      0.9634406267364632,
      0.9634357654205092,
      0.9634313897847536,
      0.9634405087677205,
      0.9634366180726501,
      0.9634336401316751,
      0.963437308965934,
      0.9634400692597568,
      0.9634366992896879,
      0.9634342080481096,
      0.9634395394722526,
      0.9634413712199926,
      0.9634397655077304,
      0.9634381758957206,
      0.9634361694720177,
      0.9634383991746106,
      0.963443139483416,
      0.96344197525181,
      0.9634400006119646,
      0.9634367931348612,
      0.9634439179358487,
      0.9634407280075021,
      0.9634355136713857,
      0.9634437605158275,
      0.9634386057642262,
      0.9634447460792757,
      0.9634416263889792,
      0.9634365246466814,
      0.9634445813628726,
      0.9634391439605234,
      0.9634471075516227,
      0.9634417029744871,
      0.9634394372599332,
      0.9634445929282548,
      0.9634396537354799,
      0.9634474414640894,
      0.9634425393218597,
      0.9634414645117282,
      0.9634453602811803,
      0.9634409015580312,
      0.9634485178907659,
      0.9634444610636436,
      0.9634407975488264,
      0.9634483201669448,
      0.9634450577032515,
      0.9634425471966803,
      0.9634466643243267,
      0.9634478242493195,
      0.9634467972226237,
      0.9634454155668337,
      0.9634436782974278,
      0.9634462664187577,
      0.963449555212809,
      0.963448537259697,
      0.9634471786050647,
      0.9634458261106678,
      0.9634441276749401,
      0.9634498141325809,
      0.9634502110267694,
      0.9634485230731699,
      0.9634461553994691,
      0.963446209997818,
