{
  "nash_equilibria": [
    {
      "adversary_strategy": [
        0.0,
        1.0,
        0.0
      ],
      "server_strategy": [
        1.0,
        0.0,
        0.0
      ],
      "adversary_utility": 0.8235555555555555,
      "server_utility": 0.431645,
      "value_of_information": 0.0
    },
    {
      "adversary_strategy": [
        0.0,
        0.0,
        1.0
      ],
      "server_strategy": [
        0.0,
        0.0,
        1.0
      ],
      "adversary_utility": 0.8973333333333333,
      "server_utility": 0.366445,
      "value_of_information": 0.0
    },
    {
      "adversary_strategy": [
        0.0,
        0.7786322973020755,
        0.22136770269792447
      ],
      "server_strategy": [
        0.0,
        0.17984584641735646,
        0.8201541535826435
      ],
      "adversary_utility": 0.8245557141497764,
      "server_utility": 0.3631942101587638,
      "value_of_information": 0.057410790750785035
    }
  ],
  "stackelberg": {
    "server_strategy": [
      1.0,
      -0.0,
      0.0
    ],
    "adversary_strategy": [
      0.0,
      1.0,
      0.0
    ],
    "server_utility": 0.431645,
    "adversary_utility": 0.8235555555555555
  },
  "fictitious_play": {
    "adversary_strategy": [
      2e-05,
      0.99998,
      0.0
    ],
    "server_strategy": [
      1.0,
      0.0,
      0.0
    ],
    "convergence": [
      0.8154015401540153,
      0.8194582642343836,
      0.8208194905869324,
      0.8215018010529233,
      0.8219117320913727,
      0.8221852468108707,
      0.8223807259470597,
      0.8225273963101678,
      0.8226415094339622,
      0.8227328227328227,
      0.8228075486931072,
      0.8228698306966415,
      0.8229225382184644,
      0.822967721468792,
      0.8230068842993559,
      0.8230411548337844,
      0.8230713959109021,
      0.8230982787340366,
      0.8231223332748845,
      0.8231439835637736,
      0.8231635729017927,
      0.82318138220001,
      0.8231976435366266,
      0.8232125503262528,
      0.8232262650495357,
      0.8232389251997094,
      0.823250647908182,
      0.8232615335792772,
      0.8232716687732199,
      0.823281128512718,
      0.8232899781432512,
      0.8232982748446666,
      0.8233060688680197,
      0.823313404554216,
      0.8233203211780761,
      0.8233268536517633,
      0.8233330331141733,
      0.8233388874272851,
      0.8233444415961718,
      0.823349718126024,
      0.8233547373269392,
      0.8233595175751804,
      0.8233640755379885,
      0.8233684263677445,
      0.823372583870251,
      0.8233765606510661,
      0.8233803682431633,
      0.823384017218635,
      0.8233875172867214,
      0.8233908773800794,
      0.8233941057309023,
      0.8233972099382597,
      0.8234001970278144,
      0.8234030735049064,
      0.823405845401846,
      0.8234085183201412,
      0.8234110974682803,
      0.8234135876956079,
      0.8234159935227551,
      0.8234183191690273,
      0.8234205685771002,
      0.8234227454353239,
      0.823424853197905,
      0.8234268951031957,
      0.8234288741902954,
      0.8234307933141443,
      0.823432655159263,
      0.823434462252283,
      0.8234362169733854,
      0.8234379215667602,
      0.8234395781501822,
      0.8234411887237882,
      0.8234427551781338,
      0.8234442793015958,
      0.8234457627871838,
      0.8234472072388136,
      0.8234486141770909,
      0.8234499850446524,
      0.8234513212110983,
      0.8234526239775584,
      0.8234538945809159,
      0.8234551341977264,
      0.8234563439478509,
      0.8234575248978295,
      0.8234586780640185,
      0.8234598044155071,
      0.823460904876834,
      0.8234619803305179,
      0.8234630316194185,
      0.823464059548939,
      0.8234650648890841,
      0.8234660483763842,
      0.8234670107156936,
      0.8234679525818765,
      0.8234688746213847,
      0.8234697774537374,
      0.8234706616729088,
      0.8234715278486321,
      0.8234723765276234,
      0.823473208234732,
      0.8234740234740234,
      0.8234748227297977,
      0.8234756064675489,
      0.8234763751348694,
      0.823477129162302,
      0.8234778689641438,
      0.823478594939206,
      0.8234793074715304,
      0.8234800069310664,
      0.8234806936743123,
      0.8234813680449208,
      0.823482030374272,
      0.8234826809820173,
      0.8234833201765926,
      0.8234839482557071,
      0.8234845655068049,
      0.8234851722075036,
      0.8234857686260109,
      0.82348635502152,
      0.8234869316445851,
      0.8234874987374781,
      0.8234880565345281,
      0.8234886052624447,
      0.8234891451406248,
      0.823489676381445,
      0.8234901991905403,
      0.8234907137670698,
      0.8234912203039693,
      0.8234917189881921,
      0.8234922100009401,
      0.8234926935178823,
      0.8234931697093654,
      0.8234936387406125,
      0.8234941007719158,
      0.8234945559588178,
      0.823495004452287,
      0.8234954463988841,
      0.8234958819409222,
      0.823496311216619,
      0.8234967343602441,
      0.8234971515022574,
      0.823497562769445,
      0.8234979682850461,
      0.8234983681688771,
      0.8234987625374495,
      0.8234991515040826,
      0.8234995351790128,
      0.8234999136694967,
      0.8235002870799125,
      0.8235006555118547,
      0.8235010190642267,
      0.8235013778333297,
      0.8235017319129468,
      0.8235020813944259,
      0.8235024263667576,
      0.8235027669166506,
      0.8235031031286045,
      0.8235034350849805,
      0.8235037628660671,
      0.8235040865501461,
      0.8235044062135547,
      0.823504721930745,
      0.8235050337743424,
      0.8235053418152009,
      0.8235056461224571,
      0.8235059467635818,
      0.8235062438044295,
      0.823506537309287,
      0.8235068273409198,
      0.8235071139606166,
      0.8235073972282322,
      0.8235076772022297,
      0.8235079539397209,
      0.823508227496504,
      0.8235084979271025,
      0.8235087652848007,
      0.8235090296216785,
      0.823509290988646,
      0.8235095494354753,
      0.8235098050108327,
      0.823510057762309,
      0.8235103077364491,
      0.8235105549787807,
      0.8235107995338417,
      0.8235110414452071,
      0.8235112807555149,
      0.823511517506491,
      0.8235117517389736,
      0.8235119834929369,
      0.823512212807513,
      0.8235124397210151,
      0.823512664270958,
      0.823512886494079,
      0.8235131064263582,
      0.8235133241030373,
      0.8235135395586393,
      0.8235137528269856,
      0.823513963941215,
      0.8235141729338,
      0.8235143798365636,
      0.8235145846806957,
      0.8235147874967685,
      0.8235149883147519,
      0.8235151871640278,
      0.8235153840734055,
      0.8235155790711346,
      0.8235157721849186,
      0.8235159634419286,
      0.8235161528688153,
      0.8235163404917225,
      0.8235165263362979,
      0.8235167104277051,
      0.8235168927906358,
      0.8235170734493196,
      0.8235172524275356,
      0.8235174297486226,
      0.8235176054354894,
      0.8235177795106239,
      0.8235179519961036,
      0.8235181229136048,
      0.8235182922844114,
      0.8235184601294235,
      0.8235186264691667,
      0.8235187913237999,
      0.8235189547131238,
      0.8235191166565884,
      0.8235192771733011,
      0.8235194362820343,
      0.8235195940012322,
      0.8235197503490186,
      0.823519905343203,
      0.8235200590012881,
      0.8235202113404765,
      0.823520362377676,
      0.8235205121295074,
      0.8235206606123092,
      0.8235208078421444,
      0.8235209538348062,
      0.823521098605823,
      0.8235212421704651,
      0.8235213845437487,
      0.8235215257404422,
      0.8235216657750709,
      0.8235218046619218,
      0.8235219424150487,
      0.8235220790482771,
      0.8235222145752084,
      0.8235223490092245,
      0.8235224823634927,
      0.8235226146509694,
      0.8235227458844047,
      0.8235228760763461,
      0.8235230052391429,
      0.8235231333849498,
      0.823523260525731,
      0.8235233866732635,
