{
  "nash_equilibria": [
    {
      "adversary_strategy": [
        0.0,
        0.0,
        1.0
      ],
      "server_strategy": [
        0.0,
        0.0,
        1.0
      ],
      "adversary_utility": 0.44133333333333336,
      "server_utility": 0.65818,
      "value_of_information": 0.0
    }
  ],
  "stackelberg": {
    "server_strategy": [
      0.0,
      0.0,
      1.0
    ],
    "adversary_strategy": [
      0.0,
      0.0,
      1.0
    ],
    "server_utility": 0.65818,
    "adversary_utility": 0.44133333333333336
  },
  "fictitious_play": {
    "adversary_strategy": [
      2e-05,
      0.0,
      0.99998
    ],
    "server_strategy": [
      2e-05,
      0.0,
      0.99998
    ],
    "convergence": [
      0.43889379036913595,
      0.4401123184519636,
      0.44051905240192346,
      0.4407225217643064,
      0.4408446358558111,
      0.4409260587133849,
      0.4409842244702165,
      0.4410278523741564,
      0.4410617873099442,
      0.4410889365934322,
      0.44111115052518335,
      0.441129662740574,
      0.44114532735253154,
      0.4411587544761004,
      0.4411703915503514,
      0.44118057416835,
      0.44118955896922385,
      0.4411975455674111,
      0.44120469155760256,
      0.44121112301864507,
      0.44121694201661105,
      0.44122223206176003,
      0.441227062142066,
      0.44123148974844634,
      0.44123556317399293,
      0.4412393232826506,
      0.44124280488488565,
      0.4412460378185885,
      0.4412490478063559,
      0.44125185714132903,
      0.44125448524029626,
      0.44125694909309576,
      0.4412592636303131,
      0.441261442026096,
      0.44126349594905895,
      0.4412654357713743,
      0.4412672707439576,
      0.44126900914399403,
      0.44127065839976926,
      0.4412722251967765,
      0.4412737155682968,
      0.44127513497303994,
      0.4412764883619517,
      0.4412777802359119,
      0.44127901469573944,
      0.44128019548567543,
      0.4412813260313154,
      0.44128240947280034,
      0.4412834486939431,
      0.44128444634786085,
      0.4412854048795908,
      0.4412863265460978,
      0.4412872134340156,
      0.4412880674754183,
      0.4412888904618706,
      0.44128968405697244,
      0.4412904498075842,
      0.44129118915388965,
      0.44129190343843633,
      0.44129259391427134,
      0.44129326175227757,
      0.4412939080477994,
      0.4412945338266377,
      0.44129514005048265,
      0.4412957276218454,
      0.44129629738854087,
      0.44129685014776987,
      0.44129738664984036,
      0.44129790760156534,
      0.4412984136693695,
      0.4412989054821337,
      0.4412993836338019,
      0.44129984868577404,
      0.44130030116910474,
      0.4413007415865267,
      0.4413011704143136,
      0.4413015881039983,
      0.4413019950839584,
      0.4413023917608825,
      0.441302778521125,
      0.4413031557319614,
      0.4413035237427521,
      0.441303882886021,
      0.441304233478458,
      0.44130457582185023,
      0.44130491020394846,
      0.44130523689927403,
      0.44130555616987016,
      0.44130586826600315,
      0.4413061734268166,
      0.4413064718809425,
      0.4413067638470726,
      0.44130704953449273,
      0.441307329143583,
      0.4413076028662868,
      0.44130787088654994,
      0.44130813338073305,
      0.4413083905179984,
      0.4413086424606738,
      0.4413088893645937,
      0.4413091313794215,
      0.44130936864895104,
      0.4413096013113923,
      0.44130982949963965,
      0.44131005334152484,
      0.4413102729600558,
      0.4413104884736421,
      0.4413106999963081,
      0.44131090763789366,
      0.4413111115042444,
      0.44131131169739196,
      0.44131150831572424,
      0.4413117014541459,
      0.441311891204232,
      0.4413120776543725,
      0.44131226088990944,
      0.441312440993267,
      0.44131261804407573,
      0.4413127921192892,
      0.44131296329329633,
      0.44131313163802655,
      0.44131329722305096,
      0.4413134601156787,
      0.4413136203810472,
      0.4413137780822098,
      0.441313933280218,
      0.4413140860342005,
      0.44131423640143835,
      0.4413143844374364,
      0.44131453019599176,
      0.4413146737292586,
      0.4413148150878111,
      0.44131495432070217,
      0.4413150914755206,
      0.44131522659844513,
      0.4413153597342962,
      0.4413154909265859,
      0.4413156202175649,
      0.441315747648268,
      0.4413158732585578,
      0.44131599708716596,
      0.44131611917173325,
      0.4413162395488473,
      0.4413163582540795,
      0.44131647532202023,
      0.44131659078631186,
      0.4413167046796816,
      0.4413168170339718,
      0.4413169278801707,
      0.4413170372484393,
      0.44131714516814036,
      0.44131725166786345,
      0.44131735677545103,
      0.4413174605180222,
      0.4413175629219964,
      0.44131766401311556,
      0.44131776381646565,
      0.44131786235649784,
      0.44131795965704795,
      0.4413180557413559,
      0.4413181506320845,
      0.4413182443513366,
      0.44131833692067307,
      0.44131842836112845,
      0.4413185186932278,
      0.4413186079370014,
      0.4413186961119997,
      0.44131878323730794,
      0.44131886933155917,
      0.4413189544129485,
      0.44131903849924514,
      0.44131912160780534,
      0.44131920375558364,
      0.4413192849591452,
      0.4413193652346764,
      0.44131944459799577,
      0.44131952306456423,
      0.4413196006494956,
      0.44131967736756555,
      0.44131975323322187,
      0.4413198282605925,
      0.4413199024634954,
      0.44131997585544624,
      0.44132004844966694,
      0.44132012025909345,
      0.4413201912963838,
      0.4413202615739248,
      0.4413203311038402,
      0.44132039989799693,
      0.44132046796801194,
      0.4413205353252592,
      0.4413206019808757,
      0.4413206679457673,
      0.44132073323061527,
      0.4413207978458818,
      0.44132086180181546,
      0.44132092510845655,
      0.44132098777564305,
      0.44132104981301473,
      0.44132111123001866,
      0.4413211720359141,
      0.44132123223977676,
      0.44132129185050367,
      0.4413213508768172,
      0.4413214093272696,
      0.44132146721024745,
      0.4413215245339746,
      0.44132158130651733,
      0.44132163753578707,
      0.441321693229545,
      0.4413217483954049,
      0.4413218030408368,
      0.4413218571731709,
      0.4413219107995999,
      0.44132196392718287,
      0.4413220165628483,
      0.44132206871339663,
      0.44132212038550384,
      0.4413221715857239,
      0.4413222223204915,
      0.441322272596125,
      0.4413223224188289,
      0.4413223717946963,
      0.44132242072971145,
      0.44132246922975243,
      0.44132251730059335,
      0.44132256494790617,
      0.4413226121772637,
      0.4413226589941413,
      0.4413227054039191,
      0.44132275141188393,
      0.4413227970232317,
      0.44132284224306906,
      0.4413228870764152,
      0.4413229315282042,
      0.4413229756032863,
      0.44132301930642975,
      0.44132306264232296,
      0.4413231056155756,
      0.4413231482307207,
      0.44132319049221597,
      0.44132323240444565,
      0.44132327397172133,
      0.4413233151982843,
      0.44132335608830664,
      0.4413233966458925,
      0.44132343687507947,
      0.4413234767798398,
      0.4413235163640827,
      0.44132355563165404,
      0.44132359458633874,
      0.4413236332318618,
      0.44132367157188884,
      0.44132370961002837,
      0.44132374734983176,
      0.44132378479479517,
      0.44132382194836034,
      0.4413238588139154,
      0.4413238953947967,
      0.4413239316942886,
      0.4413239677156256,
      0.4413240034619925,
      0.44132403893652605,
      0.4413240741423151,
      0.44132410908240194,
      0.4413241437597833,
      0.441324178177411,
      0.4413242123381924,
      0.4413242462449923,
      0.4413242799006325,
      0.44132431330789346,
      0.44132434646951435,
      0.44132437938819485,
      0.4413244120665946,
      0.441324444507335,
