{
  "nash_equilibria": [
    {
      "adversary_strategy": [
        0.0,
        0.0,
        1.0
      ],
      "server_strategy": [
        0.0,
        0.0,
        1.0
      ],
      "adversary_utility": 0.9445555555555555,
      "server_utility": 0.26983,
      "value_of_information": 0.0
    }
  ],
  "stackelberg": {
    "server_strategy": [
      0.8829465186680121,
      0.11705348133198788,
      0.0
    ],
    "adversary_strategy": [
      0.0,
      1.0,
      0.0
    ],
    "server_utility": 0.27693964177598385,
    "adversary_utility": 0.8529465186680121
  },
  "fictitious_play": {
    "adversary_strategy": [
      2e-05,
      0.0,
      0.99998
    ],
    "server_strategy": [
      2e-05,
      0.0,
      0.99998
    ],
    "convergence": [
      0.9354529512357175,
      0.9399822336630832,
      0.941501749428814,
      0.9422633496613136,
      0.9427209010676804,
      0.943026182098056,
      0.9432443609643085,
      0.9434080613271418,
      0.9435354230901415,
      0.9436373372437308,
      0.9437207379157599,
      0.943790249729444,
      0.9438490754105006,
      0.9438995032552402,
      0.9439432117429152,
      0.9439814599878129,
      0.9440152110113861,
      0.9440452139458584,
      0.9440720602920734,
      0.9440962233081915,
      0.9441180861496791,
      0.9441379623381485,
      0.9441561108927545,
      0.9441727476802755,
      0.9441880540422329,
      0.9442021834318824,
      0.9442152665768473,
      0.9442274155358595,
      0.944238726916454,
      0.9442492844493354,
      0.9442591610646333,
      0.9442684205789807,
      0.9442771190759391,
      0.9442853060428913,
      0.9442930253130889,
      0.9443003158507375,
      0.9443072124088032,
      0.9443137460829808,
      0.944319944780458,
      0.9443258336183818,
      0.9443314352640266,
      0.9443367702263791,
      0.9443418571070439,
      0.9443467128169447,
      0.9443513527641367,
      0.9443557910171269,
      0.9443600404473506,
      0.9443641128538407,
      0.9443680190726346,
      0.9443717690730555,
      0.9443753720426677,
      0.9443788364624325,
      0.9443821701733552,
      0.9443853804357308,
      0.9443884739819266,
      0.9443914570635092,
      0.9443943354934144,
      0.9443971146837526,
      0.9443997996797721,
      0.9444023951904255,
      0.9444049056159312,
      0.9444073350726669,
      0.9444096874156934,
      0.9444119662591667,
      0.9444141749948666,
      0.9444163168090405,
      0.9444183946977397,
      0.9444204114808029,
      0.9444223698146226,
      0.9444242722038181,
      0.9444261210119232,
      0.9444279184711822,
      0.9444296666915405,
      0.9444313676689071,
      0.9444330232927569,
      0.9444346353531317,
      0.944436205547095,
      0.9444377354846928,
      0.9444392266944595,
      0.9444406806285127,
      0.9444420986672685,
      0.9444434821238137,
      0.9444448322479614,
      0.9444461502300167,
      0.9444474372042765,
      0.9444486942522857,
      0.9444499224058689,
      0.9444511226499541,
      0.9444522959252089,
      0.9444534431304963,
      0.9444545651251746,
      0.9444556627312416,
      0.9444567367353449,
      0.9444577878906604,
      0.9444588169186549,
      0.9444598245107374,
      0.9444608113298076,
      0.9444617780117112,
      0.944462725166605,
      0.944463653380243,
      0.9444645632151819,
      0.9444654552119206,
      0.9444663298899693,
      0.9444671877488583,
      0.9444680292690912,
      0.9444688549130403,
      0.9444696651257943,
      0.9444704603359593,
      0.9444712409564133,
      0.9444720073850227,
      0.944472760005317,
      0.94447349918713,
      0.9444742252872047,
      0.944474938649768,
      0.9444756396070745,
      0.9444763284799232,
      0.9444770055781463,
      0.9444776712010738,
      0.9444783256379754,
      0.9444789691684791,
      0.9444796020629695,
      0.9444802245829671,
      0.9444808369814885,
      0.944481439503389,
      0.9444820323856888,
      0.9444826158578845,
      0.9444831901422452,
      0.9444837554540942,
      0.9444843120020792,
      0.9444848599884279,
      0.9444853996091935,
      0.9444859310544893,
      0.9444864545087107,
      0.9444869701507493,
      0.9444874781541968,
      0.9444879786875393,
      0.9444884719143444,
      0.9444889579934385,
      0.9444894370790777,
      0.944489909321112,
      0.9444903748651396,
      0.944490833852658,
      0.9444912864212069,
      0.944491732704506,
      0.9444921728325861,
      0.944492606931916,
      0.944493035125523,
      0.94449345753311,
      0.9444938742711668,
      0.944494285453076,
      0.944494691189218,
      0.944495091587068,
      0.9444954867512919,
      0.9444958767838366,
      0.9444962617840194,
      0.9444966418486096,
      0.9444970170719128,
      0.9444973875458461,
      0.944497753360015,
      0.9444981146017845,
      0.9444984713563497,
      0.9444988237068017,
      0.9444991717341934,
      0.9444995155175999,
      0.9444998551341807,
      0.944500190659235,
      0.944500522166259,
      0.9445008497269994,
      0.9445011734115042,
      0.9445014932881738,
      0.9445018094238085,
      0.9445021218836553,
      0.9445024307314526,
      0.9445027360294735,
      0.944503037838568,
      0.9445033362182034,
      0.9445036312265024,
      0.9445039229202825,
      0.9445042113550913,
      0.944504496585242,
      0.9445047786638476,
      0.9445050576428539,
      0.9445053335730714,
      0.9445056065042058,
      0.9445058764848884,
      0.9445061435627047,
      0.9445064077842221,
      0.9445066691950178,
      0.9445069278397042,
      0.9445071837619541,
      0.9445074370045261,
      0.9445076876092885,
      0.944507935617241,
      0.9445081810685387,
      0.9445084240025128,
      0.9445086644576917,
      0.9445089024718215,
      0.9445091380818866,
      0.9445093713241269,
      0.9445096022340581,
      0.9445098308464892,
      0.94451005719554,
      0.9445102813146575,
      0.9445105032366337,
      0.9445107229936197,
      0.9445109406171439,
      0.9445111561381238,
      0.9445113695868836,
      0.9445115809931666,
      0.9445117903861496,
      0.9445119977944565,
      0.9445122032461707,
      0.9445124067688493,
      0.944512608389533,
      0.9445128081347601,
      0.9445130060305779,
      0.9445132021025527,
      0.9445133963757825,
      0.944513588874906,
      0.9445137796241149,
      0.9445139686471625,
      0.9445141559673745,
      0.9445143416076577,
      0.9445145255905104,
      0.9445147079380306,
      0.9445148886719255,
      0.9445150678135193,
      0.9445152453837626,
      0.9445154214032401,
      0.9445155958921782,
      0.944515768870453,
      0.9445159403575981,
      0.9445161103728122,
      0.944516278934965,
      0.9445164460626058,
      0.9445166117739691,
      0.9445167760869816,
      0.9445169390192687,
      0.9445171005881613,
      0.9445172608107011,
      0.9445174197036468,
      0.9445175772834804,
      0.9445177335664124,
      0.9445178885683879,
      0.9445180423050915,
      0.9445181947919525,
      0.9445183460441509,
      0.9445184960766209,
      0.944518644904058,
      0.9445187925409222,
      0.9445189390014422,
      0.9445190842996224,
      0.9445192284492442,
      0.9445193714638732,
      0.9445195133568616,
      0.9445196541413531,
      0.944519793830287,
      0.9445199324364014,
      0.9445200699722389,
      0.9445202064501478,
      0.944520341882288,
      0.9445204762806332,
      0.9445206096569758,
      0.9445207420229287,
      0.94452087338993,
      0.9445210037692454,
      0.9445211331719725,
      0.9445212616090424,
      0.9445213890912245,
      0.9445215156291282,
      0.9445216412332063,
      0.9445217659137579,
      0.9445218896809314,
      0.9445220125447272,
      0.9445221345149994,
      0.9445222556014603,
      0.9445223758136815,
      0.9445224951610968,
      0.9445226136530048,
