{
  "nash_equilibria": [
    {
      "adversary_strategy": [
        0.0,
        0.0,
        1.0,
        0.0,
        0.0,
        0.0
      ],
      "server_strategy": [
        1.0,
        0.0,
        0.0,
        0.0,
        0.0,
        0.0,
        0.0
      ],
      "adversary_utility": 0.445,
      "server_utility": 0.312155,
      "value_of_information": 0.0
    }
  ],
  "stackelberg": {
    "server_strategy": [
      1.0,
      0.0,
      0.0,
      0.0,
      0.0,
      -0.0,
      0.0
    ],
    "adversary_strategy": [
      0.0,
      0.0,
      1.0,
      0.0,
      0.0,
      0.0
    ],
    "server_utility": 0.312155,
    "adversary_utility": 0.445
  },
  "fictitious_play": {
    "adversary_strategy": [
      2e-05,
      0.0,
      0.99998,
      0.0,
      0.0,
      0.0
    ],
    "server_strategy": [
      1.0,
      0.0,
      0.0,
      0.0,
      0.0,
      0.0,
      0.0
    ],
    "convergence": [
      0.4405940594059406,
      0.44278606965174133,
      0.4435215946843854,
      0.4438902743142145,
      0.44411177644710575,
      0.4442595673876872,
      0.44436519258202567,
      0.4444444444444445,
      0.4445061043285239,
      0.4445554445554446,
      0.4445958219800182,
      0.4446294754371357,
      0.4446579554189085,
      0.4446823697359029,
      0.4447035309793471,
      0.4447220487195503,
      0.44473838918283365,
      0.444752915047196,
      0.4447659126775381,
      0.4447776111944028,
      0.44478819609709663,
      0.4447978191731031,
      0.444806605823555,
      0.4448146605581008,
      0.4448220711715314,
      0.44482891195693963,
      0.4448352462051092,
      0.44484112816851124,
      0.44484660461909686,
      0.44485171609463514,
      0.44485649790390197,
      0.4448609809434552,
      0.4448651923659497,
      0.44486915613054984,
      0.4448728934590117,
      0.4448764232157734,
      0.4448797622264253,
      0.44488292554590897,
      0.4448859266854653,
      0.44488877780554864,
      0.44489148988051697,
      0.44489407283980004,
      0.44489653568937454,
      0.44489888661667804,
      0.44490113308153745,
      0.44490328189524014,
      0.44490533928951287,
      0.44490731097687986,
      0.44490920220363195,
      0.4449110177964407,
      0.4449127622034895,
      0.44491443953085946,
      0.4449160535747972,
      0.4449176078503981,
      0.4449191056171605,
      0.44492054990180324,
      0.4449219435186809,
      0.44492328908808826,
      0.44492458905270293,
      0.4449258456923846,
      0.44492706113751845,
      0.44492823738106757,
      0.4449293762894779,
      0.44493047961256055,
      0.4449315489924627,
      0.44493258597182245,
      0.4449335920011938,
      0.44493456844581675,
      0.4449355165917983,
      0.44493643765176405,
      0.4449373327700324,
      0.4449382030273573,
      0.4449390494452815,
      0.4449398729901365,
      0.4449406745767231,
      0.4449414550717011,
      0.44494221529671474,
      0.44494295603127804,
      0.4449436780154411,
      0.444944381952256,
      0.4449450685100605,
      0.44494573832459455,
      0.44494639200096375,
      0.44494703011546244,
      0.4449476532172686,
      0.4449482618300198,
      0.44494885645328125,
      0.4449494375639132,
      0.4449500056173464,
      0.44495056104877234,
      0.44495110427425555,
      0.44495163569177265,
      0.4449521556821847,
      0.4449526646101479,
      0.4449531628249658,
      0.4449536506613894,
      0.44495412844036697,
      0.444954596469748,
      0.4449550550449449,
      0.44495550444955506,
      0.444955944955945,
      0.4449563768258014,
      0.4449568003106495,
      0.4449572156523411,
      0.4449576230835159,
      0.4449580228280351,
      0.4449584151013924,
      0.44495880011110084,
      0.44495917805705903,
      0.4449595491318971,
      0.4449599135213044,
      0.4449602714043389,
      0.4449606229537209,
      0.4449609683361109,
      0.4449613077123728,
      0.44496164123782433,
      0.4449619690624733,
      0.4449622913312431,
      0.4449626081841862,
      0.44496291975668695,
      0.4449632261796546,
      0.4449635275797066,
      0.44496382407934315,
      0.44496411579711315,
      0.4449644028477722,
      0.44496468534243316,
      0.44496496338870956,
      0.4449652370908523,
      0.4449655065498798,
      0.44496577186370284,
      0.4449660331272422,
      0.444966290432543,
      0.44496654386888207,
      0.44496679352287144,
      0.44496703947855715,
      0.44496728181751344,
      0.44496752061893297,
      0.4449677559597131,
      0.4449679879145385,
      0.4449682165559603,
      0.4449684419544713,
      0.44496866417857894,
      0.4449688832948745,
      0.4449690993680994,
      0.4449693124612096,
      0.44496952263543593,
      0.4449697299503435,
      0.44496993446388755,
      0.4449701362324676,
      0.4449703353109793,
      0.44497053175286405,
      0.4449707256101572,
      0.4449709169335338,
      0.44497110577235244,
      0.4449712921746984,
      0.4449714761874239,
      0.4449716578561875,
      0.44497183722549205,
      0.44497201433872086,
      0.4449721892381726,
      0.4449723619650954,
      0.4449725325597185,
      0.4449727010612846,
      0.44497286750807874,
      0.44497303193745835,
      0.4449731943858804,
      0.4449733548889288,
      0.4449735134813404,
      0.44497367019702977,
      0.4449738250691136,
      0.4449739781299339,
      0.4449741294110808,
      0.4449742789434137,
      0.44497442675708293,
      0.4449745728815496,
      0.4449747173456054,
      0.4449748601773911,
      0.4449750014044155,
      0.44497514105357244,
      0.4449752791511583,
      0.4449754157228883,
      0.44497555079391243,
      0.4449756843888312,
      0.44497581653171026,
      0.4449759472460948,
      0.44497607655502397,
      0.4449762044810438,
      0.4449763310462209,
      0.44497645627215493,
      0.44497658017999053,
      0.44497670279042983,
      0.44497682412374356,
      0.4449769441997824,
      0.44497706303798773,
      0.4449771806574022,
      0.44497729707667977,
      0.4449774123140957,
      0.4449775263875562,
      0.4449776393146073,
      0.44497775111244436,
      0.4449778617979205,
      0.44497797138755507,
      0.444978079897542,
      0.4449781873437577,
      0.44497829374176867,
      0.4449783991068395,
      0.4449785034539394,
      0.44497860679775014,
      0.4449787091526721,
      0.4449788105328318,
      0.4449789109520876,
      0.4449790104240366,
      0.4449791089620206,
      0.4449792065791318,
      0.44497930328821916,
      0.44497939910189344,
      0.44497949403253306,
      0.4449795880922894,
      0.4449796812930916,
      0.4449797736466524,
      0.4449798651644722,
      0.4449799558578443,
      0.4449800457378593,
      0.44498013481541004,
      0.4449802231011955,
      0.4449803106057254,
      0.44498039733932426,
      0.4449804833121354,
      0.44498056853412515,
      0.4449806530150863,
      0.4449807367646422,
      0.4449808197922503,
      0.4449809021072057,
      0.4449809837186445,
      0.44498106463554743,
      0.44498114486674295,
      0.44498122442091054,
      0.44498130330658375,
      0.4449813815321535,
      0.4449814591058706,
      0.4449815360358491,
      0.44498161233006905,
      0.44498168799637877,
      0.44498176304249826,
      0.4449818374760214,
      0.4449819113044185,
      0.4449819845350391,
      0.4449820571751139,
      0.4449821292317578,
      0.44498220071197153,
      0.44498227162264453,
      0.44498234197055675,
      0.44498241176238096,
      0.44498248100468485,
      0.4449825497039332,
      0.44498261786648957,
      0.44498268549861875,
      0.4449827526064881,
      0.44498281919617005,
      0.4449828852736433,
      0.4449829508447952,
      0.44498301591542305,
      0.4449830804912361,
      0.4449831445778569,
      0.4449832081808234,
      0.44498327130559,
      0.4449833339575297,
