{
  "nash_equilibria": [
    {
      "adversary_strategy": [
        0.0,
        1.0,
        0.0
      ],
      "server_strategy": [
        1.0,
        0.0,
        0.0
      ],
      "adversary_utility": 0.584,
      "server_utility": 0.6125849999999999,
      "value_of_information": 0.0
    }
  ],
  "stackelberg": {
    "server_strategy": [
      1.0,
      -0.0,
      0.0
    ],
    "adversary_strategy": [
      0.0,
      1.0,
      0.0
    ],
    "server_utility": 0.6125849999999999,
    "adversary_utility": 0.584
  },
  "fictitious_play": {
    "adversary_strategy": [
      2e-05,
      0.99998,
      0.0
    ],
    "server_strategy": [
      1.0,
      0.0,
      0.0
    ],
    "convergence": [
      0.5782178217821782,
      0.581094527363184,
      0.5820598006644517,
      0.5825436408977556,
      0.5828343313373253,
      0.5830282861896838,
      0.5831669044222538,
      0.583270911360799,
      0.5833518312985572,
      0.5834165834165834,
      0.5834695731153496,
      0.5835137385512073,
      0.5835511145272867,
      0.5835831548893646,
      0.5836109260493004,
      0.5836352279825109,
      0.5836566725455614,
      0.5836757357023875,
      0.5836927932667016,
      0.5837081459270365,
      0.5837220371251785,
      0.5837346660608814,
      0.5837461973055194,
      0.5837567680133278,
      0.5837664934026389,
      0.5837754709727028,
      0.5837837837837837,
      0.5837915030346305,
      0.5837986901068597,
      0.5838053982005997,
      0.58381167365366,
      0.5838175570134333,
      0.5838230839139654,
      0.5838282857982946,
      0.5838331905169951,
      0.5838378228269925,
      0.5838422048095109,
      0.5838463562220467,
      0.5838502947962061,
      0.5838540364908773,
      0.5838575957083638,
      0.5838609854796476,
      0.5838642176238084,
      0.5838673028857078,
      0.583870251055321,
      0.5838730710715061,
      0.5838757711125292,
      0.5838783586752759,
      0.5838808406447663,
      0.5838832233553289,
      0.5838855126445794,
      0.5838877139011728,
      0.5838898321071495,
      0.5838918718755786,
      0.5838938374840937,
      0.5838957329048383,
      0.5838975618312576,
      0.5838993277021203,
      0.5839010337230978,
      0.5839026828861856,
      0.5839042779872151,
      0.5839058216416706,
      0.5839073162990001,
      0.583908764255585,
      0.5839101676665128,
      0.5839115285562793,
      0.583912848828533,
      0.5839141302749595,
      0.5839153745833937,
      0.5839165833452363,
      0.5839177580622447,
      0.5839189001527565,
      0.5839200109574031,
      0.5839210917443588,
      0.5839221437141714,
      0.58392316800421,
      0.5839241656927672,
      0.5839251378028457,
      0.5839260853056575,
      0.5839270091238595,
      0.5839279101345513,
      0.5839287891720522,
      0.5839296470304782,
      0.5839304844661349,
      0.5839313021997412,
      0.5839321009184978,
      0.583932881278014,
      0.5839336439041017,
      0.58393438939445,
      0.5839351183201866,
      0.5839358312273376,
      0.5839365286381915,
      0.583937211052575,
      0.5839378789490479,
      0.5839385327860225,
      0.5839391730028122,
      0.5839398000206164,
      0.5839404142434445,
      0.5839410160589839,
      0.583941605839416,
      0.5839421839421839,
      0.5839427507107147,
      0.5839433064750995,
      0.5839438515527352,
      0.5839443862489286,
      0.5839449108574662,
      0.5839454256611532,
      0.5839459309323211,
      0.5839464269333089,
      0.5839469139169166,
      0.5839473921268353,
      0.5839478617980537,
      0.5839483231572427,
      0.5839487764231207,
      0.5839492218067993,
      0.583949659512111,
      0.58395008973592,
      0.5839505126684179,
      0.5839509284934039,
      0.583951337388551,
      0.583951739525659,
      0.5839521350708958,
      0.5839525241850255,
      0.5839529070236271,
      0.583953283737301,
      0.5839536544718673,
      0.5839540193685536,
      0.5839543785641746,
      0.5839547321913029,
      0.5839550803784325,
      0.5839554232501335,
      0.5839557609272025,
      0.5839560935268024,
      0.5839564211625997,
      0.5839567439448929,
      0.5839570619807367,
      0.5839573753740602,
      0.5839576842257808,
      0.5839579886339111,
      0.5839582886936647,
      0.5839585844975533,
      0.5839588761354834,
      0.5839591636948465,
      0.5839594472606069,
      0.5839597269153851,
      0.5839600027395384,
      0.5839602748112374,
      0.58396054320654,
      0.5839608079994631,
      0.5839610692620492,
      0.5839613270644328,
      0.583961581474903,
      0.5839618325599634,
      0.5839620803843906,
      0.5839623250112895,
      0.5839625665021473,
      0.5839628049168842,
      0.5839630403139041,
      0.5839632727501415,
      0.5839635022811074,
      0.5839637289609341,
      0.5839639528424171,
      0.5839641739770566,
      0.5839643924150966,
      0.5839646082055633,
      0.5839648213963013,
      0.58396503203401,
      0.5839652401642759,
      0.5839654458316076,
      0.5839656490794659,
      0.5839658499502952,
      0.5839660484855531,
      0.5839662447257383,
      0.5839664387104189,
      0.5839666304782584,
      0.5839668200670416,
      0.5839670075136998,
      0.583967192854334,
      0.5839673761242389,
      0.5839675573579245,
      0.5839677365891387,
      0.5839679138508873,
      0.5839680891754548,
      0.5839682625944241,
      0.5839684341386951,
      0.5839686038385034,
      0.5839687717234372,
      0.5839689378224562,
      0.5839691021639066,
      0.5839692647755381,
      0.583969425684519,
      0.5839695849174522,
      0.5839697425003886,
      0.5839698984588423,
      0.5839700528178042,
      0.5839702056017549,
      0.5839703568346784,
      0.5839705065400738,
      0.5839706547409678,
      0.583970801459927,
      0.5839709467190687,
      0.5839710905400722,
      0.58397123294419,
      0.5839713739522573,
      0.5839715135847031,
      0.5839716518615601,
      0.5839717888024732,
      0.5839719244267102,
      0.5839720587531697,
      0.5839721918003904,
      0.5839723235865598,
      0.5839724541295221,
      0.5839725834467865,
      0.5839727115555348,
      0.5839728384726292,
      0.5839729642146196,
      0.5839730887977512,
      0.5839732122379707,
      0.5839733345509337,
      0.5839734557520112,
      0.5839735758562961,
      0.5839736948786091,
      0.5839738128335052,
      0.5839739297352796,
      0.5839740455979734,
      0.583974160435379,
      0.5839742742610458,
      0.5839743870882855,
      0.5839744989301776,
      0.5839746097995739,
      0.5839747197091035,
      0.5839748286711779,
      0.5839749366979957,
      0.5839750438015469,
      0.5839751499936172,
      0.583975255285793,
      0.5839753596894646,
      0.5839754632158313,
      0.5839755658759047,
      0.5839756676805133,
      0.5839757686403053,
      0.5839758687657535,
      0.5839759680671577,
      0.5839760665546494,
      0.5839761642381943,
      0.5839762611275964,
      0.5839763572325007,
      0.5839764525623966,
      0.5839765471266214,
      0.5839766409343626,
      0.5839767339946615,
      0.583976826316416,
      0.583976917908383,
      0.5839770087791819,
      0.5839770989372965,
      0.5839771883910784,
      0.583977277148749,
      0.5839773652184024,
      0.5839774526080074,
      0.5839775393254105,
      0.583977625378338,
      0.5839777107743979,
      0.5839777955210829,
      0.5839778796257717,
      0.5839779630957322,
      0.5839780459381225,
      0.583978128159994,
      0.5839782097682922,
      0.5839782907698599,
      0.583978371171438,
      0.5839784509796686,
      0.5839785302010955,
      0.5839786088421669,
      0.5839786869092368,
      0.5839787644085669,
      0.5839788413463279,
      0.5839789177286018,
      0.5839789935613826,
      0.5839790688505788,
      0.5839791436020142,
      0.5839792178214298,
