{
  "nash_equilibria": [
    {
      "adversary_strategy": [
        0.0,
        0.0,
        1.0,
        0.0,
        0.0,
        0.0
      ],
      "server_strategy": [
        0.0,
        0.0,
        1.0,
        0.0,
        0.0,
        0.0,
        0.0
      ],
      "adversary_utility": 0.8838888888888888,
      "server_utility": 0.70314,
      "value_of_information": 0.0
    },
    {
      "adversary_strategy": [
        0.0,
        0.0,
        0.0,
        0.0,
        1.0,
        0.0
      ],
      "server_strategy": [
        0.0,
        0.0,
        0.0,
        0.0,
        1.0,
        0.0,
        0.0
      ],
      "adversary_utility": 0.6839999999999999,
      "server_utility": 0.67252,
      "value_of_information": 0.0
    },
    {
      "adversary_strategy": [
        0.0,
        0.0,
        0.6507024999042919,
        0.0,
        0.34929750009570815,
        0.0
      ],
      "server_strategy": [
        0.0,
        0.0,
        0.0,
        0.0,
        0.5254483761512362,
        0.4745516238487638,
        0.0
      ],
      "adversary_utility": 0.7199077395378897,
      "server_utility": 0.6598833574518587,
      "value_of_information": 0.05715710669467344
    }
  ],
  "stackelberg": {
    "server_strategy": [
      -0.0,
      0.0,
      1.0,
      0.0,
      0.0,
      0.0,
      0.0
    ],
    "adversary_strategy": [
      0.0,
      0.0,
      1.0,
      0.0,
      0.0,
      0.0
    ],
    "server_utility": 0.70314,
    "adversary_utility": 0.8838888888888888
  },
  "fictitious_play": {
    "adversary_strategy": [
      2e-05,
      0.0,
      0.0,
      0.0,
      0.99998,
      0.0
    ],
    "server_strategy": [
      2e-05,
      0.0,
      0.0,
      0.0,
      0.99998,
      0.0,
      0.0
    ],
    "convergence": [
      0.6800313694735809,
      0.6820128214648152,
      0.6826745841657376,
      0.6830057027008538,
      0.6832044493846637,
      0.6833369785797935,
      0.6834316576482342,
      0.6835026753387229,
      0.683557916287366,
      0.6836021121735407,
      0.6836382745105803,
      0.683668411211584,
      0.6836939125050735,
      0.6837157714918628,
      0.683734716495909,
      0.6837512937924104,
      0.6837659211426276,
      0.6837789234865818,
      0.683790557366053,
      0.6838010280217213,
      0.6838105016060664,
      0.6838191140659082,
      0.6838269777080463,
      0.683834186123684,
      0.6838408179311242,
      0.6838469396548601,
      0.6838526079649355,
      0.6838578714364902,
      0.6838627719452965,
      0.6838673457842165,
      0.683871624563588,
      0.6838756359428056,
      0.6838794042288967,
      0.6838829508694754,
      0.6838862948611981,
      0.6838894530901464,
      0.6838924406170191,
      0.6838952709172962,
      0.6838979560844566,
      0.683900507002717,
      0.683902933494492,
      0.6839052444467913,
      0.6839074479199804,
      0.6839095512417106,
      0.6839115610883281,
      0.6839134835556617,
      0.6839153242207785,
      0.6839170881960169,
      0.6839187801764053,
      0.6839204044813912,
      0.6839219650916608,
      0.6839234656817101,
      0.6839249096487295,
      0.6839263001382786,
      0.683927640067161,
      0.6839289321438473,
      0.6839301788867501,
      0.6839313826406059,
      0.6839325455911943,
      0.6839336697785829,
      0.6839347571090704,
      0.6839358093659742,
      0.6839368282193904,
      0.6839378152350384,
      0.6839387718822901,
      0.683939699541468,
      0.6839405995104912,
      0.6839414730109337,
      0.683942321193556,
      0.6839431451433642,
      0.683943945884239,
      0.683944724383182,
      0.6839454815542095,
      0.6839462182619339,
      0.6839469353248566,
      0.6839476335184017,
      0.6839483135777128,
      0.6839489762002351,
      0.6839496220481015,
      0.6839502517503397,
      0.6839508659049149,
      0.6839514650806248,
      0.6839520498188555,
      0.683952620635214,
      0.6839531780210444,
      0.683953722444838,
      0.6839542543535473,
      0.6839547741738088,
      0.683955282313086,
      0.6839557791607324,
      0.6839562650889882,
      0.6839567404539095,
      0.6839572055962388,
      0.6839576608422193,
      0.683958106504358,
      0.6839585428821411,
      0.6839589702627051,
      0.6839593889214676,
      0.6839597991227176,
      0.6839602011201739,
      0.6839605951575064,
      0.6839609814688298,
      0.6839613602791677,
      0.6839617318048883,
      0.6839620962541184,
      0.6839624538271307,
      0.6839628047167111,
      0.6839631491085058,
      0.683963487181348,
      0.6839638191075688,
      0.6839641450532884,
      0.6839644651786952,
      0.6839647796383067,
      0.6839650885812192,
      0.683965392151343,
      0.6839656904876262,
      0.6839659837242666,
      0.683966271990913,
      0.6839665554128563,
      0.6839668341112117,
      0.6839671082030898,
      0.6839673778017619,
      0.6839676430168162,
      0.6839679039543055,
      0.6839681607168892,
      0.683968413403967,
      0.6839686621118091,
      0.6839689069336766,
      0.683969147959939,
      0.6839693852781856,
      0.6839696189733306,
      0.6839698491277156,
      0.6839700758212057,
      0.6839702991312819,
      0.6839705191331297,
      0.6839707358997231,
      0.6839709495019057,
      0.6839711600084677,
      0.6839713674862197,
      0.6839715720000632,
      0.6839717736130593,
      0.683971972386492,
      0.6839721683799312,
      0.6839723616512927,
      0.6839725522568941,
      0.6839727402515102,
      0.6839729256884253,
      0.6839731086194838,
      0.6839732890951384,
      0.6839734671644959,
      0.683973642875363,
      0.6839738162742878,
      0.6839739874066016,
      0.6839741563164583,
      0.6839743230468729,
      0.6839744876397564,
      0.6839746501359529,
      0.6839748105752723,
      0.6839749689965228,
      0.6839751254375424,
      0.6839752799352293,
      0.6839754325255705,
      0.68397558324367,
      0.6839757321237752,
      0.683975879199304,
      0.6839760245028685,
      0.6839761680663,
      0.6839763099206716,
      0.683976450096321,
      0.6839765886228727,
      0.6839767255292574,
      0.6839768608437334,
      0.6839769945939057,
      0.6839771268067445,
      0.6839772575086038,
      0.6839773867252384,
      0.6839775144818213,
      0.6839776408029596,
      0.683977765712711,
      0.6839778892345977,
      0.6839780113916231,
      0.6839781322062841,
      0.6839782517005868,
      0.6839783698960581,
      0.6839784868137601,
      0.6839786024743015,
      0.6839787168978503,
      0.6839788301041456,
      0.6839789421125086,
      0.6839790529418537,
      0.6839791626106989,
      0.6839792711371773,
      0.6839793785390453,
      0.6839794848336936,
      0.6839795900381562,
      0.6839796941691192,
      0.6839797972429302,
      0.6839798992756065,
      0.6839800002828432,
      0.6839801002800217,
      0.6839801992822174,
      0.683980297304207,
      0.6839803943604761,
      0.6839804904652262,
      0.6839805856323818,
      0.6839806798755973,
      0.6839807732082624,
      0.6839808656435105,
      0.6839809571942225,
      0.6839810478730346,
      0.6839811376923436,
      0.6839812266643115,
      0.6839813148008731,
      0.6839814021137394,
      0.6839814886144036,
      0.6839815743141461,
      0.6839816592240396,
      0.6839817433549532,
      0.6839818267175579,
      0.6839819093223303,
      0.6839819911795578,
      0.6839820722993423,
      0.683982152691604,
      0.6839822323660868,
      0.6839823113323609,
      0.683982389599827,
      0.6839824671777206,
      0.6839825440751146,
      0.6839826203009239,
      0.6839826958639085,
      0.6839827707726758,
      0.6839828450356856,
      0.6839829186612526,
      0.6839829916575487,
      0.6839830640326072,
      0.6839831357943251,
      0.6839832069504661,
      0.6839832775086634,
      0.6839833474764224,
