{
  "nash_equilibria": [
    {
      "adversary_strategy": [
        0.0,
        0.0,
        0.0,
        0.0,
        1.0,
        0.0
      ],
      "server_strategy": [
        0.0,
        0.0,
        0.0,
        0.0,
        1.0,
        0.0,
        0.0
      ],
      "adversary_utility": 0.29288888888888887,
      "server_utility": 0.7073833333333334,
      "value_of_information": 0.0
    }
  ],
  "stackelberg": {
    "server_strategy": [
      0.8816456442296355,
      0.0,
      0.11835435577036434,
      0.0,
      0.0,
      0.0,
      0.0
    ],
    "adversary_strategy": [
      0.0,
      0.0,
      1.0,
      0.0,
      0.0,
      0.0
    ],
    "server_utility": 0.7296905096467444,
    "adversary_utility": 0.5934069358761094
  },
  "fictitious_play": {
    "adversary_strategy": [
      2e-05,
      0.0,
      0.0,
      0.0,
      0.99998,
      0.0
    ],
    "server_strategy": [
      2e-05,
      0.0,
      0.0,
      0.0,
      0.99994,
      4e-05,
      0.0
    ],
    "convergence": [
      0.3027560841892769,
      0.29787894872422477,
      0.29622827317334,
      0.29539819979929177,
      0.2948986332797552,
      0.29456495290864515,
      0.2943262977426522,
      0.2941471355192655,
      0.29400768579163283,
      0.2938960621278303,
      0.29380469141729854,
      0.29372852009331046,
      0.2936640467890892,
      0.29360876888955384,
      0.2935608501234082,
      0.293518912629314,
      0.29348190231137317,
      0.29344899901888877,
      0.29341955505615314,
      0.2933930521181373,
      0.2933690705168262,
      0.2933472667916204,
      0.2933273571546786,
      0.2933091050709681,
      0.29329231181636956,
      0.2932768092127584,
      0.29326245397614187,
      0.29324912327491737,
      0.2932367112063851,
      0.2932251259774208,
      0.2932142876304193,
      0.2932041261953199,
      0.29319458017739247,
      0.293185595311706,
      0.29317712353097597,
      0.2931691221053281,
      0.2931615529214738,
      0.2931543818756304,
      0.2931475783597848,
      0.29314111482497157,
      0.2931349664084277,
      0.2931291106139807,
      0.2931235270370105,
      0.29311819712689646,
      0.2931131039811226,
      0.2931082321662249,
      0.2931035675615856,
      0.2930990972227435,
      0.29309480926143355,
      0.29309069274001703,
      0.29308673757832315,
      0.2930829344712377,
      0.2930792748156156,
      0.2930757506453114,
      0.29307235457329434,
      0.293069079739963,
      0.2930659197668979,
      0.29306286871539705,
      0.2930599210492258,
      0.29305707160109085,
      0.29305431554241074,
      0.29305164835601016,
      0.29304906581141454,
      0.29304656394245904,
      0.29304413902696447,
      0.29304178756826044,
      0.2930395062783609,
      0.29303729206262624,
      0.29303514200575653,
      0.2930330533589855,
      0.29303102352835747,
      0.29302905006397945,
      0.29302713065015684,
      0.2930252630963291,
      0.29302344532873004,
      0.293021675382706,
      0.2930199513956329,
      0.29301827160037774,
      0.29301663431925684,
      0.2930150379584467,
      0.29301348100280855,
      0.2930119620110926,
      0.2930104796114876,
      0.29300903249748844,
      0.2930076194240567,
      0.2930062392040468,
      0.2930048907048804,
      0.2930035728454466,
      0.2930022845932111,
      0.29300102496151853,
      0.29299979300707196,
      0.2929985878275771,
      0.2929974085595386,
      0.29299625437619653,
      0.29299512448559367,
      0.29299401812876297,
      0.2929929345780276,
      0.29299187313540503,
      0.2929908331311074,
      0.2929898139221322,
      0.2929888148909368,
      0.2929878354441902,
      0.2929868750115984,
      0.29298593304479703,
      0.29298500901630725,
      0.29298410241855044,
      0.2929832127629192,
      0.29298233957889874,
      0.29298148241323724,
      0.2929806408291613,
      0.2929798144056339,
      0.29297900273665195,
      0.29297820543058123,
      0.2929774221095262,
      0.2929766524087332,
      0.2929758959760237,
      0.2929751524712569,
      0.29297442156582,
      0.292973702942144,
      0.29297299629324364,
      0.2929723013222796,
      0.2929716177421436,
      0.2929709452750623,
      0.292970283652221,
      0.2929696326134058,
      0.2929689919066618,
      0.29296836128796827,
      0.2929677405209289,
      0.2929671293764762,
      0.2929665276325894,
      0.2929659350740262,
      0.2929653514920654,
      0.29296477668426213,
      0.2929642104542135,
      0.2929636526113352,
      0.2929631029706472,
      0.29296256135256965,
      0.29296202758272666,
      0.29296150149176,
      0.2929609829151492,
      0.29296047169304024,
      0.2929599676700816,
      0.292959470695266,
      0.2929589806217807,
      0.292958497306862,
      0.29295802061165727,
      0.29295755040109106,
      0.2929570865437384,
      0.29295662891170204,
      0.2929561773804947,
      0.2929557318289259,
      0.2929552921389946,
      0.29295485819578376,
      0.2929544298873609,
      0.2929540071046819,
      0.2929535897414979,
      0.2929531776942667,
      0.2929527708620674,
      0.29295236914651707,
      0.29295197245169247,
      0.29295158068405286,
      0.29295119375236706,
      0.2929508115676423,
      0.292950434043056,
      0.29295006109389027,
      0.2929496926374679,
      0.2929493285930923,
      0.29294896888198746,
      0.29294861342724193,
      0.2929482621537536,
      0.29294791498817685,
      0.2929475718588717,
      0.2929472326958543,
      0.2929468974307492,
      0.2929465659967438,
      0.292946238328544,
      0.29294591436233053,
      0.2929455940357186,
      0.2929452772877171,
      0.29294496405869014,
      0.2929446542903193,
      0.2929443479255682,
      0.2929440449086469,
      0.2929437451849776,
      0.29294344870116323,
      0.29294315540495436,
      0.2929428652452191,
      0.29294257817191355,
      0.29294229413605266,
      0.2929420130896825,
      0.29294173498585346,
      0.29294145977859376,
      0.2929411874228844,
      0.2929409178746344,
      0.2929406510906571,
      0.2929403870286473,
      0.2929401256471583,
      0.2929398669055811,
      0.29293961076412245,
      0.29293935718378505,
      0.29293910612634766,
      0.2929388575543457,
      0.29293861143105265,
      0.2929383677204622,
      0.2929381263872703,
      0.2929378873968588,
      0.2929376507152778,
      0.29293741630923076,
      0.2929371841460579,
      0.2929369541937219,
      0.29293672642079216,
      0.29293650079643163,
      0.29293627729038185,
      0.29293605587295013,
      0.2929358365149961,
      0.29293561918791894,
      0.29293540386364486,
      0.29293519051461525,
      0.2929349791137749,
      0.2929347696345604,
      0.29293456205088886,
      0.29293435633714765,
      0.29293415246818316,
      0.29293395041929116,
      0.2929337501662066,
      0.2929335516850936,
      0.2929333549525365,
      0.29293315994553015,
      0.2929329666414715,
      0.29293277501815035,
      0.2929325850537412,
      0.29293239672679444,
      0.2929322100162291,
      0.2929320249013245,
      0.29293184136171224,
      0.2929316593773696,
      0.2929314789286114,
      0.2929312999960834,
      0.2929311225607552,
      0.29293094660391367,
      0.2929307721071562,
      0.29293059905238417,
      0.2929304274217969,
      0.29293025719788585,
      0.2929300883634277,
      0.29292992090147973,
      0.2929297547953733,
      0.2929295900287084,
      0.2929294265853488,
      0.2929292644494164,
      0.2929291036052859,
      0.29292894403758013,
      0.2929287857311649,
      0.2929286286711445,
      0.2929284728428568,
      0.2929283182318687,
      0.29292816482397166,
      0.2929280126051776,
      0.29292786156171435,
      0.2929277116800215,
      0.29292756294674666,
      0.29292741534874106,
      0.292927268873056,
      0.2929271235069389,
