{
  "no_attack_fedavg": {
    "accuracy": 0.7980333333333333,
    "worst_class_accuracy": 0.49933333333333335,
    "attack_success_rate": 0.0,
    "accuracy_std": 0.00607855977093987,
    "attack": "no_attack",
    "defense": "fedavg"
  },
  "no_attack_krum": {
    "accuracy": 0.5137,
    "worst_class_accuracy": 0.0023333333333333335,
    "attack_success_rate": 0.0,
    "accuracy_std": 0.07110330512711768,
    "attack": "no_attack",
    "defense": "krum"
  },
  "no_attack_multi_krum": {
    "accuracy": 0.8005999999999999,
    "worst_class_accuracy": 0.5066666666666667,
    "attack_success_rate": 0.0,
    "accuracy_std": 0.00543384455672651,
    "attack": "no_attack",
    "defense": "multi_krum"
  },
  "no_attack_trimmed_mean": {
    "accuracy": 0.7839,
    "worst_class_accuracy": 0.4856666666666667,
    "attack_success_rate": 0.0,
    "accuracy_std": 0.005061620293937463,
    "attack": "no_attack",
    "defense": "trimmed_mean"
  },
  "no_attack_coord_median": {
    "accuracy": 0.7720333333333333,
    "worst_class_accuracy": 0.459,
    "attack_success_rate": 0.0,
    "accuracy_std": 0.0011671427600007333,
    "attack": "no_attack",
    "defense": "coord_median"
  },
  "no_attack_norm_clip": {
    "accuracy": 0.7980333333333333,
    "worst_class_accuracy": 0.49933333333333335,
    "attack_success_rate": 0.0,
    "accuracy_std": 0.00607855977093987,
    "attack": "no_attack",
    "defense": "norm_clip"
  },
  "no_attack_rfa": {
    "accuracy": 0.7839,
    "worst_class_accuracy": 0.4836666666666667,
    "attack_success_rate": 0.0,
    "accuracy_std": 0.004809019304043872,
    "attack": "no_attack",
    "defense": "rfa"
  },
  "label_flip_fedavg": {
    "accuracy": 0.7866333333333334,
    "worst_class_accuracy": 0.49700000000000005,
    "attack_success_rate": 0.0,
    "accuracy_std": 0.00674553350167517,
    "attack": "label_flip",
    "defense": "fedavg"
  },
  "label_flip_krum": {
    "accuracy": 0.4841333333333333,
    "worst_class_accuracy": 0.005,
    "attack_success_rate": 0.0,
    "accuracy_std": 0.07157976126128265,
    "attack": "label_flip",
    "defense": "krum"
  },
  "label_flip_multi_krum": {
    "accuracy": 0.7939333333333334,
    "worst_class_accuracy": 0.49233333333333335,
    "attack_success_rate": 0.0,
    "accuracy_std": 0.004030164044083347,
    "attack": "label_flip",
    "defense": "multi_krum"
  },
  "label_flip_trimmed_mean": {
    "accuracy": 0.775,
    "worst_class_accuracy": 0.4943333333333333,
    "attack_success_rate": 0.0,
    "accuracy_std": 0.0007348469228349631,
    "attack": "label_flip",
    "defense": "trimmed_mean"
  },
  "label_flip_coord_median": {
    "accuracy": 0.7651333333333333,
    "worst_class_accuracy": 0.47400000000000003,
    "attack_success_rate": 0.0,
    "accuracy_std": 0.00566176258382104,
    "attack": "label_flip",
    "defense": "coord_median"
  },
  "label_flip_norm_clip": {
    "accuracy": 0.7866333333333334,
    "worst_class_accuracy": 0.49700000000000005,
    "attack_success_rate": 0.0,
    "accuracy_std": 0.00674553350167517,
    "attack": "label_flip",
    "defense": "norm_clip"
  },
  "label_flip_rfa": {
    "accuracy": 0.7787000000000001,
    "worst_class_accuracy": 0.5006666666666667,
    "attack_success_rate": 0.0,
    "accuracy_std": 0.00708801805866772,
    "attack": "label_flip",
    "defense": "rfa"
  },
  "backdoor_pixel_fedavg": {
    "accuracy": 0.7957666666666666,
    "worst_class_accuracy": 0.5096666666666667,
    "attack_success_rate": 0.7680370370370371,
    "accuracy_std": 0.006579935832176145,
    "attack": "backdoor_pixel",
    "defense": "fedavg"
  },
  "backdoor_pixel_krum": {
    "accuracy": 0.48513333333333336,
    "worst_class_accuracy": 0.004666666666666667,
    "attack_success_rate": 0.5831111111111111,
    "accuracy_std": 0.08103749475122952,
    "attack": "backdoor_pixel",
    "defense": "krum"
  },
  "backdoor_pixel_multi_krum": {
    "accuracy": 0.7936333333333333,
    "worst_class_accuracy": 0.5020000000000001,
    "attack_success_rate": 0.7832592592592592,
    "accuracy_std": 0.006596126809642841,
    "attack": "backdoor_pixel",
    "defense": "multi_krum"
  },
  "backdoor_pixel_trimmed_mean": {
    "accuracy": 0.7783333333333333,
    "worst_class_accuracy": 0.4913333333333334,
    "attack_success_rate": 0.5339999999999999,
    "accuracy_std": 0.004007770230717133,
    "attack": "backdoor_pixel",
    "defense": "trimmed_mean"
  },
  "backdoor_pixel_coord_median": {
    "accuracy": 0.7681,
    "worst_class_accuracy": 0.457,
    "attack_success_rate": 0.37666666666666665,
    "accuracy_std": 0.002083266665599976,
    "attack": "backdoor_pixel",
    "defense": "coord_median"
  },
  "backdoor_pixel_norm_clip": {
    "accuracy": 0.7957666666666666,
    "worst_class_accuracy": 0.5096666666666667,
    "attack_success_rate": 0.7680370370370371,
    "accuracy_std": 0.006579935832176145,
    "attack": "backdoor_pixel",
    "defense": "norm_clip"
  },
  "backdoor_pixel_rfa": {
    "accuracy": 0.7794,
    "worst_class_accuracy": 0.494,
    "attack_success_rate": 0.8188148148148148,
    "accuracy_std": 0.0008640987597877052,
    "attack": "backdoor_pixel",
    "defense": "rfa"
  },
  "backdoor_edge_case_fedavg": {
    "accuracy": 0.7921666666666667,
    "worst_class_accuracy": 0.492,
    "attack_success_rate": 0.0,
    "accuracy_std": 0.009798072372779371,
    "attack": "backdoor_edge_case",
    "defense": "fedavg"
  },
  "backdoor_edge_case_krum": {
    "accuracy": 0.49920000000000003,
    "worst_class_accuracy": 0.016333333333333335,
    "attack_success_rate": 0.0,
    "accuracy_std": 0.06840998952394793,
    "attack": "backdoor_edge_case",
    "defense": "krum"
  },
  "backdoor_edge_case_multi_krum": {
    "accuracy": 0.7928333333333333,
    "worst_class_accuracy": 0.4896666666666667,
    "attack_success_rate": 0.0,
    "accuracy_std": 0.008623353304963355,
    "attack": "backdoor_edge_case",
    "defense": "multi_krum"
  },
  "backdoor_edge_case_trimmed_mean": {
    "accuracy": 0.7776333333333333,
    "worst_class_accuracy": 0.4703333333333333,
    "attack_success_rate": 0.0,
    "accuracy_std": 0.00418276888622301,
    "attack": "backdoor_edge_case",
    "defense": "trimmed_mean"
  },
  "backdoor_edge_case_coord_median": {
    "accuracy": 0.7738,
    "worst_class_accuracy": 0.5076666666666667,
    "attack_success_rate": 0.0,
    "accuracy_std": 0.004618080409289836,
    "attack": "backdoor_edge_case",
    "defense": "coord_median"
  },
  "backdoor_edge_case_norm_clip": {
    "accuracy": 0.7921666666666667,
    "worst_class_accuracy": 0.492,
    "attack_success_rate": 0.0,
    "accuracy_std": 0.009798072372779371,
    "attack": "backdoor_edge_case",
    "defense": "norm_clip"
  },
  "backdoor_edge_case_rfa": {
    "accuracy": 0.7775,
    "worst_class_accuracy": 0.48633333333333334,
    "attack_success_rate": 0.0,
    "accuracy_std": 0.0052782572881586234,
    "attack": "backdoor_edge_case",
    "defense": "rfa"
  },
  "model_scaling_fedavg": {
    "accuracy": 0.10000000000000002,
    "worst_class_accuracy": 0.0,
    "attack_success_rate": 0.6666666666666666,
    "accuracy_std": 1.3877787807814457e-17,
    "attack": "model_scaling",
    "defense": "fedavg"
  },
  "model_scaling_krum": {
    "accuracy": 0.5771000000000001,
    "worst_class_accuracy": 0.07533333333333334,
    "attack_success_rate": 0.06088888888888889,
    "accuracy_std": 0.027923228084637125,
    "attack": "model_scaling",
    "defense": "krum"
  },
  "model_scaling_multi_krum": {
    "accuracy": 0.13860000000000003,
    "worst_class_accuracy": 0.0,
    "attack_success_rate": 0.5748148148148148,
    "accuracy_std": 0.053531486061943016,
    "attack": "model_scaling",
    "defense": "multi_krum"
  },
  "model_scaling_trimmed_mean": {
    "accuracy": 0.7527333333333334,
    "worst_class_accuracy": 0.4413333333333333,
    "attack_success_rate": 0.8731851851851852,
    "accuracy_std": 0.006088969991349582,
    "attack": "model_scaling",
    "defense": "trimmed_mean"
  },