{
  "policy": {
    "fedavg": 0.26,
    "norm_clip": 0.74
  },
  "norm_clip_tau": 2.0,
  "seeds": [
    42,
    43,
    44,
    45,
    46
  ],
  "attacks": {
    "no_attack": {
      "realized_asr": {
        "mean": 0.0,
        "std": 0.0,
        "per_seed": [
          0.0,
          0.0,
          0.0,
          0.0,
          0.0
        ]
      },
      "realized_accuracy": {
        "mean": 0.78978,
        "std": 0.004852793010215886,
        "per_seed": [
          0.7921,
          0.7946,
          0.7892,
          0.7923,
          0.7807
        ]
      }
    },
    "model_scaling": {
      "realized_asr": {
        "mean": 0.9550444444444445,
        "std": 0.01694079742172576,
        "per_seed": [
          0.9335555555555556,
          0.9491111111111111,
          0.9663333333333334,
          0.9815555555555555,
          0.9446666666666667
        ]
      },
      "realized_accuracy": {
        "mean": 0.73678,
        "std": 0.03262712981553845,
        "per_seed": [
          0.7502,
          0.7448,
          0.673,
          0.7504,
          0.7655
        ]
      }
    },
    "backdoor_pixel": {
      "realized_asr": {
        "mean": 0.8099777777777778,
        "std": 0.08377546121170903,
        "per_seed": [
          0.831,
          0.6901111111111111,
          0.7774444444444445,
          0.9484444444444444,
          0.8028888888888889
        ]
      },
      "realized_accuracy": {
        "mean": 0.784,
        "std": 0.008842397864832811,
        "per_seed": [
          0.7836,
          0.7925,
          0.795,
          0.7717,
          0.7772
        ]
      }
    }
  }
}