{
  "nash_equilibria": [
    {
      "adversary_strategy": [
        0.0,
        1.0,
        0.0
      ],
      "server_strategy": [
        0.0,
        1.0,
        0.0
      ],
      "adversary_utility": 0.8795555555555555,
      "server_utility": 0.6015349999999999,
      "value_of_information": 0.0
    }
  ],
  "stackelberg": {
    "server_strategy": [
      0.0,
      1.0,
      0.0
    ],
    "adversary_strategy": [
      0.0,
      1.0,
      0.0
    ],
    "server_utility": 0.6015349999999999,
    "adversary_utility": 0.8795555555555555
  },
  "fictitious_play": {
    "adversary_strategy": [
      2e-05,
      0.99998,
      0.0
    ],
    "server_strategy": [
      2e-05,
      0.99998,
      0.0
    ],
    "convergence": [
      0.8708307464409807,
      0.8751714066483504,
      0.8766279253724205,
      0.8773580042689066,
      0.8777966356043733,
      0.8780893002326497,
      0.8782984659055323,
      0.87845540556618,
      0.8785775085273361,
      0.8786752153385521,
      0.8787551734407083,
      0.8788218163095189,
      0.8788782143248435,
      0.8789265612424965,
      0.87896846620722,
      0.8790051363293181,
      0.8790374948604314,
      0.8790662599993032,
      0.8790919988246293,
      0.8791151650561525,
      0.8791361260320195,
      0.8791551823320252,
      0.8791725822839782,
      0.8791885328449903,
      0.8792032078723,
      0.879216754486181,
      0.879229298019396,
      0.8792409459064315,
      0.8792517907683416,
      0.8792619128808298,
      0.8792713821647907,
      0.8792802598037432,
      0.8792885995672716,
      0.8792964489009921,
      0.8793038498297151,
      0.8793108397101271,
      0.8793174518614476,
      0.8793237160965338,
      0.8793296591712998,
      0.8793353051667379,
      0.879340675815049,
      0.8793457907791947,
      0.8793506678934501,
      0.879355323371161,
      0.8793597719848081,
      0.8793640272225883,
      0.8793681014250114,
      0.8793720059044262,
      0.8793757510499128,
      0.8793793464195917,
      0.879382800822074,
      0.8793861223885163,
      0.8793893186365183,
      0.8793923965269242,
      0.8793953625144272,
      0.879398222592753,
      0.8794009823350896,
      0.879403646930333,
      0.8794062212156498,
      0.879408709705782,
      0.8794111166194724,
      0.8794134459033301,
      0.8794157012534266,
      0.879417886134864,
      0.8794200037995409,
      0.8794220573023007,
      0.8794240495156356,
      0.8794259831430925,
      0.8794278607315139,
      0.8794296846822287,
      0.8794314572612991,
      0.879433180608913,
      0.8794348567480029,
      0.8794364875921686,
      0.8794380749529652,
      0.8794396205466155,
      0.8794411260001992,
      0.8794425928573664,
      0.8794440225836179,
      0.8794454165711894,
      0.879446776143571,
      0.8794481025597018,
      0.8794493970178562,
      0.8794506606592535,
      0.8794518945714164,
      0.8794530997912903,
      0.8794542773081503,
      0.87945542806631,
      0.8794565529676467,
      0.8794576528739582,
      0.8794587286091657,
      0.8794597809613719,
      0.8794608106847858,
      0.8794618185015255,
      0.8794628051033082,
      0.8794637711530319,
      0.8794647172862619,
      0.8794656441126241,
      0.879466552217116,
      0.8794674421613377,
      0.8794683144846495,
      0.8794691697052626,
      0.8794700083212652,
      0.8794708308115904,
      0.8794716376369281,
      0.879472429240585,
      0.879473206049297,
      0.879473968473997,
      0.8794747169105386,
      0.8794754517403823,
      0.8794761733312435,
      0.8794768820377066,
      0.8794775782018044,
      0.8794782621535701,
      0.8794789342115586,
      0.8794795946833414,
      0.8794802438659748,
      0.8794808820464468,
      0.8794815095020996,
      0.8794821265010313,
      0.879482733302478,
      0.8794833301571766,
      0.8794839173077114,
      0.8794844949888411,
      0.8794850634278139,
      0.8794856228446629,
      0.8794861734524928,
      0.8794867154577488,
      0.879487249060475,
      0.8794877744545614,
      0.879488291827977,
      0.8794888013629968,
      0.8794893032364127,
      0.8794897976197409,
      0.879490284679415,
      0.8794907645769744,
      0.8794912374692424,
      0.8794917035084968,
      0.8794921628426337,
      0.8794926156153239,
      0.8794930619661627,
      0.8794935020308136,
      0.8794939359411454,
      0.8794943638253638,
      0.879494785808139,
      0.8794952020107246,
      0.8794956125510762,
      0.8794960175439605,
      0.8794964171010645,
      0.879496811331096,
      0.8794972003398841,
      0.879497584230473,
      0.8794979631032128,
      0.8794983370558473,
      0.8794987061835987,
      0.8794990705792468,
      0.8794994303332083,
      0.8794997855336111,
      0.8795001362663658,
      0.8795004826152355,
      0.8795008246619025,
      0.8795011624860322,
      0.8795014961653355,
      0.8795018257756272,
      0.8795021513908856,
      0.8795024730833052,
      0.8795027909233522,
      0.8795031049798147,
      0.879503415319853,
      0.8795037220090471,
      0.8795040251114433,
      0.8795043246895984,
      0.8795046208046227,
      0.879504913516222,
      0.8795052028827374,
      0.8795054889611842,
      0.879505771807289,
      0.8795060514755266,
      0.8795063280191544,
      0.8795066014902463,
      0.8795068719397251,
      0.8795071394173954,
      0.8795074039719726,
      0.879507665651113,
      0.879507924501443,
      0.8795081805685859,
      0.8795084338971897,
      0.8795086845309518,
      0.8795089325126455,
      0.8795091778841431,
      0.8795094206864404,
      0.8795096609596793,
      0.879509898743169,
      0.8795101340754093,
      0.8795103669941096,
      0.8795105975362101,
      0.8795108257379003,
      0.8795110516346399,
      0.8795112752611747,
      0.8795114966515561,
      0.879511715839158,
      0.8795119328566932,
      0.8795121477362301,
      0.8795123605092084,
      0.8795125712064541,
      0.8795127798581952,
      0.8795129864940749,
      0.879513191143167,
      0.8795133938339881,
      0.8795135945945127,
      0.8795137934521844,
      0.8795139904339286,
      0.8795141855661663,
      0.8795143788748235,
      0.8795145703853445,
      0.8795147601227022,
      0.8795149481114092,
      0.8795151343755284,
      0.8795153189386831,
      0.8795155018240673,
      0.8795156830544555,
      0.8795158626522112,
      0.8795160406392968,
      0.879516217037283,
      0.8795163918673571,
      0.8795165651503309,
      0.87951673690665,
      0.8795169071564007,
      0.8795170759193192,
      0.8795172432147981,
      0.8795174090618941,
      0.8795175734793352,
      0.8795177364855287,
      0.8795178980985664,
      0.8795180583362328,
      0.8795182172160105,
      0.8795183747550871,
      0.8795185309703618,
      0.8795186858784504,
      0.8795188394956922,
      0.879518991838155,
      0.8795191429216416,
      0.8795192927616936,
      0.879519441373599,
      0.8795195887723958,
      0.879519734972877,
      0.8795198799895968,
      0.879520023836874,
      0.8795201665287979,
      0.8795203080792323,
      0.8795204485018195,
      0.8795205878099865,
      0.8795207260169465,
      0.8795208631357057,
      0.8795209991790658,
      0.8795211341596288,
      0.8795212680898004,
      0.8795214009817939,
      0.8795215328476341,
      0.8795216636991608,
      0.8795217935480322,
      0.8795219224057287,
      0.8795220502835563,
      0.8795221771926491,
      0.8795223031439737,
      0.8795224281483313,
      0.8795225522163622,
      0.8795226753585466,
      0.8795227975852099,
      0.8795229189065241,
      0.8795230393325113,
      0.8795231588730457,
      0.8795232775378575,
      0.8795233953365345,
      0.879523512278525,
      0.8795236283731404,
      0.879523743629558,
      0.8795238580568228,
      0.8795239716638498,
      0.8795240844594268,
