{
  "defenses": [
    "fedavg",
    "norm_clip",
    "rfa"
  ],
  "seeds": [
    42,
    43,
    44
  ],
  "n_rounds": 50,
  "window_accuracies": {
    "1": 0.0,
    "5": 0.0,
    "10": 0.0,
    "20": 0.0,
    "50": 0.0
  },
  "single_round_accuracy": 0.0,
  "min_window_to_70pct": null,
  "per_defense_mean_norm_r0": {
    "fedavg": 1.6894612709681194,
    "norm_clip": 1.6894612709681194,
    "rfa": 1.5515370766321819
  }
}