{
  "nash_equilibria": [
    {
      "adversary_strategy": [
        0.0,
        0.0,
        1.0,
        0.0,
        0.0,
        0.0
      ],
      "server_strategy": [
        1.0,
        0.0,
        0.0,
        0.0,
        0.0,
        0.0,
        0.0
      ],
      "adversary_utility": 0.8152222222222222,
      "server_utility": 0.7255766666666665,
      "value_of_information": 0.0
    },
    {
      "adversary_strategy": [
        0.0,
        0.0,
        0.0,
        0.0,
        1.0,
        0.0
      ],
      "server_strategy": [
        0.0,
        0.0,
        0.0,
        0.0,
        0.0,
        0.0,
        1.0
      ],
      "adversary_utility": 0.8924814814814815,
      "server_utility": 0.7074216666666667,
      "value_of_information": 0.0
    },
    {
      "adversary_strategy": [
        0.0,
        0.0,
        0.9931227036744946,
        0.0,
        0.006877296325505415,
        0.0
      ],
      "server_strategy": [
        0.3776347212127502,
        0.0,
        0.0,
        0.0,
        0.0,
        0.6223652787872498,
        0.0
      ],
      "adversary_utility": 0.8149917165634122,
      "server_utility": 0.7215982539018065,
      "value_of_information": 0.08383490810923044
    }
  ],
  "stackelberg": {
    "server_strategy": [
      1.0,
      0.0,
      0.0,
      0.0,
      0.0,
      -0.0,
      0.0
    ],
    "adversary_strategy": [
      0.0,
      0.0,
      1.0,
      0.0,
      0.0,
      0.0
    ],
    "server_utility": 0.7255766666666665,
    "adversary_utility": 0.8152222222222222
  },
  "fictitious_play": {
    "adversary_strategy": [
      2e-05,
      0.0,
      0.99998,
      0.0,
      0.0,
      0.0
    ],
    "server_strategy": [
      1.0,
      0.0,
      0.0,
      0.0,
      0.0,
      0.0,
      0.0
    ],
    "convergence": [
      0.8071507150715072,
      0.8111663902708679,
      0.8125138427464008,
      0.8131892490994735,
      0.8135950321579063,
      0.8138657792567942,
      0.8140592803930892,
      0.8142044666389235,
      0.8143174250832408,
      0.8144078144078144,
      0.8144817842365526,
      0.8145434360255343,
      0.814595610214365,
      0.8146403362677452,
      0.814679102820342,
      0.8147130265806093,
      0.8147429616565419,
      0.8147695724597446,
      0.8147933835992751,
      0.8148148148148148,
      0.8148342059336823,
      0.8148518350244838,
      0.8148679318170844,
      0.8148826877689851,
      0.8148962637167355,
      0.8149087957623136,
      0.8149203998519066,
      0.8149311753738744,
      0.8149412080125626,
      0.814950572031545,
      0.8149593321150883,
      0.8149675448644521,
      0.8149752600222154,
      0.8149825214806102,
      0.8149893681170459,
      0.8149958344904193,
      0.8150019514245399,
      0.8150077464994592,
      0.8150132444672306,
      0.8150184676053208,
      0.8150234360183153,
      0.8150281678965325,
      0.815032679738562,
      0.8150369865434622,
      0.8150411019773384,
      0.8150450385181964,
      0.815048807582311,
      0.8150524196347984,
      0.8150558842866535,
      0.8150592103801462,
      0.8150624060641704,
      0.8150654788609027,
      0.8150684357249156,
      0.815071283095723,
      0.8150740269445959,
      0.8150766728163621,
      0.8150792258668069,
      0.8150816908962055,
      0.815084072379446,
      0.81508637449314,
      0.8150886011400681,
      0.815090755971259,
      0.8150928424059672,
      0.8150948636497769,
      0.8150968227110359,
      0.8150987224157955,
      0.815100565421413,
      0.8151023542289532,
      0.8151040911945128,
      0.8151057785395737,
      0.8151074183604812,
      0.8151090126371336,
      0.8151105632409563,
      0.81511207194223,
      0.8151135404168333,
      0.8151149702524522,
      0.815116362954306,
      0.8151177199504337,
      0.8151190425965771,
      0.8151203321806996,
      0.8151215899271694,
      0.8151228170006367,
      0.8151240145096307,
      0.8151251835098996,
      0.8151263250075155,
      0.8151274399617615,
      0.8151285292878213,
      0.8151295938592836,
      0.8151306345104794,
      0.8151316520386623,
      0.8151326472060456,
      0.8151336207417068,
      0.815134573343368,
      0.8151355056790648,
      0.8151364183887075,
      0.8151373120855465,
      0.8151381873575462,
      0.8151390447686744,
      0.815139884860115,
      0.815140708151407,
      0.8151415151415151,
      0.8151423063098389,
      0.8151430821171622,
      0.8151438430065484,
      0.8151445894041837,
      0.8151453217201732,
      0.8151460403492924,
      0.8151467456716971,
      0.8151474380535935,
      0.8151481178478723,
      0.8151487853947091,
      0.8151494410221309,
      0.8151500850465544,
      0.8151507177732947,
      0.8151513394970485,
      0.8151519505023512,
      0.8151525510640116,
      0.8151531414475233,
      0.8151537219094567,
      0.8151542926978307,
      0.8151548540524658,
      0.8151554062053201,
      0.8151559493808092,
      0.8151564837961096,
      0.8151570096614493,
      0.8151575271803825,
      0.8151580365500528,
      0.8151585379614439,
      0.8151590315996176,
      0.8151595176439419,
      0.8151599962683086,
      0.8151604676413402,
      0.8151609319265886,
      0.8151613892827234,
      0.8151618398637138,
      0.8151622838190002,
      0.8151627212936606,
      0.815163152428568,
      0.8151635773605416,
      0.815163996222492,
      0.8151644091435595,
      0.8151648162492469,
      0.8151652176615466,
      0.8151656134990625,
      0.8151660038771272,
      0.8151663889079134,
      0.8151667687005419,
      0.8151671433611842,
      0.8151675129931623,
      0.8151678776970424,
      0.8151682375707274,
      0.8151685927095439,
      0.8151689432063264,
      0.815169289151498,
      0.8151696306331491,
      0.8151699677371108,
      0.8151703005470281,
      0.8151706291444282,
      0.8151709536087877,
      0.815171274017596,
      0.8151715904464181,
      0.8151719029689525,
      0.8151722116570899,
      0.8151725165809672,
      0.8151728178090216,
      0.8151731154080409,
      0.8151734094432136,
      0.8151736999781759,
      0.815173987075058,
      0.8151742707945283,
      0.8151745511958364,
      0.8151748283368537,
      0.8151751022741138,
      0.8151753730628507,
      0.8151756407570361,
      0.8151759054094149,
      0.8151761670715402,
      0.8151764257938068,
      0.8151766816254834,
      0.8151769346147436,
      0.8151771848086968,
      0.8151774322534171,
      0.8151776769939711,
      0.8151779190744464,
      0.8151781585379769,
      0.8151783954267692,
      0.8151786297821269,
      0.8151788616444752,
      0.8151790910533834,
      0.8151793180475881,
      0.8151795426650146,
      0.8151797649427981,
      0.8151799849173041,
      0.8151802026241488,
      0.8151804180982172,
      0.8151806313736827,
      0.815180842484025,
      0.8151810514620473,
      0.8151812583398935,
      0.8151814631490647,
      0.8151816659204351,
      0.8151818666842675,
      0.8151820654702286,
      0.8151822623074032,
      0.8151824572243088,
      0.8151826502489091,
      0.8151828414086275,
      0.8151830307303601,
      0.8151832182404882,
      0.8151834039648905,
      0.8151835879289554,
      0.815183770157592,
      0.8151839506752421,
      0.8151841295058901,
      0.8151843066730745,
      0.8151844821998981,
      0.8151846561090375,
      0.8151848284227533,
      0.8151849991628997,
      0.8151851683509335,
      0.8151853360079232,
      0.8151855021545575,
      0.8151856668111545,
      0.8151858299976686,
      0.8151859917337007,
      0.8151861520385036,
      0.8151863109309917,
      0.8151864684297472,
      0.8151866245530277,
      0.8151867793187736,
      0.8151869327446142,
      0.8151870848478753,
      0.815187235645585,
      0.8151873851544805,
      0.815187533391014,
      0.815187680371359,
      0.8151878261114158,
      0.8151879706268177,
