{
  "no_attack_fedavg": {
    "accuracy": 0.7487666666666666,
    "worst_class_accuracy": 0.4603333333333333,
    "attack_success_rate": 0.0,
    "accuracy_std": 0.004634891824220108,
    "attack": "no_attack",
    "defense": "fedavg"
  },
  "no_attack_krum": {
    "accuracy": 0.3933,
    "worst_class_accuracy": 0.0,
    "attack_success_rate": 0.0,
    "accuracy_std": 0.038813399748025154,
    "attack": "no_attack",
    "defense": "krum"
  },
  "no_attack_multi_krum": {
    "accuracy": 0.6694,
    "worst_class_accuracy": 0.297,
    "attack_success_rate": 0.0,
    "accuracy_std": 0.02991799904182544,
    "attack": "no_attack",
    "defense": "multi_krum"
  },
  "no_attack_trimmed_mean": {
    "accuracy": 0.7400333333333333,
    "worst_class_accuracy": 0.38799999999999996,
    "attack_success_rate": 0.0,
    "accuracy_std": 0.004305293898859333,
    "attack": "no_attack",
    "defense": "trimmed_mean"
  },
  "no_attack_coord_median": {
    "accuracy": 0.7075666666666667,
    "worst_class_accuracy": 0.31466666666666665,
    "attack_success_rate": 0.0,
    "accuracy_std": 0.008411235871671224,
    "attack": "no_attack",
    "defense": "coord_median"
  },
  "no_attack_norm_clip": {
    "accuracy": 0.7502666666666666,
    "worst_class_accuracy": 0.4696666666666667,
    "attack_success_rate": 0.0,
    "accuracy_std": 0.00262339898266012,
    "attack": "no_attack",
    "defense": "norm_clip"
  },
  "no_attack_rfa": {
    "accuracy": 0.7419000000000001,
    "worst_class_accuracy": 0.4296666666666667,
    "attack_success_rate": 0.0,
    "accuracy_std": 0.002902872140943639,
    "attack": "no_attack",
    "defense": "rfa"
  },
  "label_flip_fedavg": {
    "accuracy": 0.7420666666666667,
    "worst_class_accuracy": 0.4776666666666667,
    "attack_success_rate": 0.0,
    "accuracy_std": 0.007993886552999277,
    "attack": "label_flip",
    "defense": "fedavg"
  },
  "label_flip_krum": {
    "accuracy": 0.4054666666666667,
    "worst_class_accuracy": 0.010666666666666666,
    "attack_success_rate": 0.0,
    "accuracy_std": 0.02918005407047004,
    "attack": "label_flip",
    "defense": "krum"
  },
  "label_flip_multi_krum": {
    "accuracy": 0.6710333333333333,
    "worst_class_accuracy": 0.2993333333333333,
    "attack_success_rate": 0.0,
    "accuracy_std": 0.02627829691758754,
    "attack": "label_flip",
    "defense": "multi_krum"
  },
  "label_flip_trimmed_mean": {
    "accuracy": 0.7324666666666667,
    "worst_class_accuracy": 0.39666666666666667,
    "attack_success_rate": 0.0,
    "accuracy_std": 0.007519012937584027,
    "attack": "label_flip",
    "defense": "trimmed_mean"
  },
  "label_flip_coord_median": {
    "accuracy": 0.6997666666666666,
    "worst_class_accuracy": 0.3153333333333333,
    "attack_success_rate": 0.0,
    "accuracy_std": 0.006012394605220851,
    "attack": "label_flip",
    "defense": "coord_median"
  },
  "label_flip_norm_clip": {
    "accuracy": 0.7426666666666667,
    "worst_class_accuracy": 0.47700000000000004,
    "attack_success_rate": 0.0,
    "accuracy_std": 0.007165348716023698,
    "attack": "label_flip",
    "defense": "norm_clip"
  },
  "label_flip_rfa": {
    "accuracy": 0.7349,
    "worst_class_accuracy": 0.438,
    "attack_success_rate": 0.0,
    "accuracy_std": 0.0071446950016544886,
    "attack": "label_flip",
    "defense": "rfa"
  },
  "backdoor_pixel_fedavg": {
    "accuracy": 0.7401333333333332,
    "worst_class_accuracy": 0.449,
    "attack_success_rate": 0.8352222222222222,
    "accuracy_std": 0.0032273139846559088,
    "attack": "backdoor_pixel",
    "defense": "fedavg"
  },
  "backdoor_pixel_krum": {
    "accuracy": 0.43603333333333333,
    "worst_class_accuracy": 0.0,
    "attack_success_rate": 0.36503703703703705,
    "accuracy_std": 0.0414841602971008,
    "attack": "backdoor_pixel",
    "defense": "krum"
  },
  "backdoor_pixel_multi_krum": {
    "accuracy": 0.6769,
    "worst_class_accuracy": 0.285,
    "attack_success_rate": 0.8998888888888888,
    "accuracy_std": 0.023592795510494306,
    "attack": "backdoor_pixel",
    "defense": "multi_krum"
  },
  "backdoor_pixel_trimmed_mean": {
    "accuracy": 0.7291666666666666,
    "worst_class_accuracy": 0.4486666666666667,
    "attack_success_rate": 0.7145555555555556,
    "accuracy_std": 0.00106562449087637,
    "attack": "backdoor_pixel",
    "defense": "trimmed_mean"
  },
  "backdoor_pixel_coord_median": {
    "accuracy": 0.6921666666666667,
    "worst_class_accuracy": 0.33466666666666667,
    "attack_success_rate": 0.36722222222222217,
    "accuracy_std": 0.011934916096153443,
    "attack": "backdoor_pixel",
    "defense": "coord_median"
  },
  "backdoor_pixel_norm_clip": {
    "accuracy": 0.7401333333333332,
    "worst_class_accuracy": 0.44766666666666666,
    "attack_success_rate": 0.8348518518518518,
    "accuracy_std": 0.0032273139846559088,
    "attack": "backdoor_pixel",
    "defense": "norm_clip"
  },
  "backdoor_pixel_rfa": {
    "accuracy": 0.7289,
    "worst_class_accuracy": 0.42366666666666664,
    "attack_success_rate": 0.8665555555555556,
    "accuracy_std": 0.0007483314773547949,
    "attack": "backdoor_pixel",
    "defense": "rfa"
  },
  "backdoor_edge_case_fedavg": {
    "accuracy": 0.7375333333333334,
    "worst_class_accuracy": 0.46166666666666667,
    "attack_success_rate": 0.0,
    "accuracy_std": 0.003812552367582055,
    "attack": "backdoor_edge_case",
    "defense": "fedavg"
  },
  "backdoor_edge_case_krum": {
    "accuracy": 0.27303333333333335,
    "worst_class_accuracy": 0.0,
    "attack_success_rate": 0.0,
    "accuracy_std": 0.03751145010378682,
    "attack": "backdoor_edge_case",
    "defense": "krum"
  },
  "backdoor_edge_case_multi_krum": {
    "accuracy": 0.6609666666666666,
    "worst_class_accuracy": 0.25433333333333336,
    "attack_success_rate": 0.0,
    "accuracy_std": 0.02353498577767909,
    "attack": "backdoor_edge_case",
    "defense": "multi_krum"
  },
  "backdoor_edge_case_trimmed_mean": {
    "accuracy": 0.7231333333333333,
    "worst_class_accuracy": 0.40399999999999997,
    "attack_success_rate": 0.0,
    "accuracy_std": 0.00614129917489414,
    "attack": "backdoor_edge_case",
    "defense": "trimmed_mean"
  },
  "backdoor_edge_case_coord_median": {
    "accuracy": 0.6855666666666668,
    "worst_class_accuracy": 0.339,
    "attack_success_rate": 0.0,
    "accuracy_std": 0.008843955877069678,
    "attack": "backdoor_edge_case",
    "defense": "coord_median"
  },
  "backdoor_edge_case_norm_clip": {
    "accuracy": 0.7368,
    "worst_class_accuracy": 0.45766666666666667,
    "attack_success_rate": 0.0,
    "accuracy_std": 0.004345879274285777,
    "attack": "backdoor_edge_case",
    "defense": "norm_clip"
  },
  "backdoor_edge_case_rfa": {
    "accuracy": 0.7294999999999999,
    "worst_class_accuracy": 0.4423333333333333,
    "attack_success_rate": 0.0,
    "accuracy_std": 0.0016309506430300382,
    "attack": "backdoor_edge_case",
    "defense": "rfa"
  },
  "model_scaling_fedavg": {
    "accuracy": 0.15483333333333335,
    "worst_class_accuracy": 0.0,
    "attack_success_rate": 0.6232222222222222,
    "accuracy_std": 0.057347381999723605,
    "attack": "model_scaling",
    "defense": "fedavg"
  },
  "model_scaling_krum": {
    "accuracy": 0.4492666666666667,
    "worst_class_accuracy": 0.0006666666666666666,
    "attack_success_rate": 0.07329629629629629,
    "accuracy_std": 0.022861952866911627,
    "attack": "model_scaling",
    "defense": "krum"
  },
  "model_scaling_multi_krum": {
    "accuracy": 0.7002333333333333,
    "worst_class_accuracy": 0.2936666666666667,
    "attack_success_rate": 0.06118518518518518,
    "accuracy_std": 0.019944311358268428,
    "attack": "model_scaling",
    "defense": "multi_krum"
  },
  "model_scaling_trimmed_mean": {
    "accuracy": 0.47059999999999996,
    "worst_class_accuracy": 0.062,
    "attack_success_rate": 0.974037037037037,
    "accuracy_std": 0.06502373925472657,
    "attack": "model_scaling",
    "defense": "trimmed_mean"
  },